token	codepoint	category	count	first_book	first_main	first_sub	first_title	ids
󐣹	U+D08F9	Cn	476	正文	祖	且	󐣹祖癸觚	
󐑍	U+D044D	Cn	430	正文	一	𫜢	中山王󐑍壺	
󐀕	U+D0015	Cn	163	正文	黹	黹	黹󐨙󐀕爵	
󐨙	U+D0A19	Cn	162	正文	單	單	子󐨙單爵	
󐤧	U+D0927	Cn	138	正文	天	天	亞疋󐤧鉞	
󐕱	U+D0571	Cn	127	正文	若	若	彔伯󐕱簋蓋	
󐤉	U+D0909	Cn	127	正文	祖	祖	󐤉祖乙尊	
󐤩	U+D0929	Cn	105	單一族徽	單一族徽第44組	單一族徽第44組	󐤩卣蓋	
󐤈	U+D0908	Cn	89	正文	乙	乙	󐤈父乙甗	
󐓨	U+D04E8	Cn	83	正文	尊	尊	󑚝󐓨卣	
󐣧	U+D08E7	Cn	80	正文	祖	且	󐣧祖丁鼎	
󐔦	U+D0526	Cn	67	正文	元	元	曾伯󐔦簠蓋	
󐧝	U+D09DD	Cn	67	正文	󐧝	󐧝	󐤧甗	
󐵔	U+D0D54	Cn	65	正文	祈	𰒃	󐵔子楚鼎	
󐤛	U+D091B	Cn	61	單一族徽	單一族徽第11組	單一族徽第11組	󐤛父丁鼎	
󐥝	U+D095D	Cn	60	單一族徽	單一族徽第287組	單一族徽第287組	󐥝簋	
󐤽	U+D093D	Cn	52	正文	竹	竹	亞󐤽孤竹鼎	
󐮩	U+D0BA9	Cn	51	正文	三	三	楚王酓󐮩鼎	
󐔱	U+D0531	Cn	48	正文	芋	芋	鄭令郭󐔱矛	
󐥞	U+D095E	Cn	48	單一族徽	單一族徽第288組	單一族徽第288組	󐥞觚	
󐇥	U+D01E5	Cn	42	正文	圍	󐇥	󐇥爵	
󐣱	U+D08F1	Cn	42	正文	兄	兄	󐣱兄辛觶蓋	
󐭻	U+D0B7B	Cn	42	正文	󐍀	󐍀	󐍀叔󐭻鼎	
󐄏	U+D010F	Cn	40	正文	祖	且	󐄏簋	
󐤌	U+D090C	Cn	39	正文	齊	齊	󐤌齊婛尊	
󐥵	U+D0975	Cn	39	複合族徽	西單󐥵	西單󐥵	󐥠西單爵	
󐅳	U+D0173	Cn	38	正文	󐅳	󐅳	闢斝	
󐧂	U+D09C2	Cn	38	正文	何	何	何父癸󐧂簋	
󐦎	U+D098E	Cn	36	正文	𧯦	𧯦	𣐺󐦎𧯦簋	
󐱠	U+D0C60	Cn	36	正文	唐	唐	宋公󐱠鼎	
󰄕	U+F0115	Co	36	正文	三	三	文󰄕己觥	
󐥳	U+D0973	Cn	34	正文	冊	冊	臣辰󐥳冊父乙簋	
󐤋	U+D090B	Cn	32	單一族徽	單一族徽第238組	單一族徽第238組	󐤋鼎	
󐌊	U+D030A	Cn	30	單一族徽	單一族徽第507組	單一族徽第507組	󐌊觚	
󐥢	U+D0962	Cn	29	複合族徽	車󐥢	車󐥢	車󐥢鼎	
󐬆	U+D0B06	Cn	29	正文	命	命	󐬆盂	
󐊝	U+D029D	Cn	28	單一族徽	單一族徽第465組	單一族徽第465組	󐊝鼎	
󐦕	U+D0995	Cn	28	正文	保	󐦕	太保鼎	
󐦟	U+D099F	Cn	28	單一族徽	單一族徽第340組	單一族徽第340組	󐦟婦觶蓋	
󑞭	U+D17AD	Cn	28	正文	祈	󑞮	諻󑞭缶乙	
󐀀	U+D0000	Cn	27	正文	周	周	周󐀀大父己爵	
󐔷	U+D0537	Cn	26	正文	󐔷	󐔷	束仲豆父簋蓋	
󐔹	U+D0539	Cn	26	單一族徽	單一族徽第269組	單一族徽第269組	󐔹鼎	
󐮋	U+D0B8B	Cn	26	正文	三	三	󐮋鼎	
󑊄	U+D1284	Cn	26	單一族徽	單一族徽第457組	單一族徽第457組	󑊄辛觶	
󐦄	U+D0984	Cn	25	單一族徽	單一族徽第320組	單一族徽第320組	󐦄爵	
󐦋	U+D098B	Cn	25	單一族徽	單一族徽第51組	單一族徽第51組	󐦋爵	
󐩥	U+D0A65	Cn	25	正文	鑄	󐩥	太保都盤	
󐤫	U+D092B	Cn	24	單一族徽	單一族徽第262組	單一族徽第262組	癸󐤫卣蓋	
󐤴	U+D0934	Cn	24	正文	썷	썷	婦󐤴觚	
󐪅	U+D0A85	Cn	24	正文	䀠	䀠	󐪅伯󐨠鼎	
󐯊	U+D0BCA	Cn	24	正文	𫭠	𫭠	平陽皇󐯊殘片	
󐱅	U+D0C45	Cn	24	正文	小	小	師󐱅鼎	
󑭅	U+D1B45	Cn	24	正文	唯	𨾟	攻吳王姑讎亓󑭅劍	
󐀣	U+D0023	Cn	22	正文	蔡	󐀣	蔡爵	
󑀛	U+D101B	Cn	22	正文	茆	茆	󑀛史簋乙	
󐆮	U+D01AE	Cn	21	正文	蔑	蔑	小子󐆮卣蓋	
󐊨	U+D02A8	Cn	21	複合族徽	南󐊨	南󐊨	南󐊨爵	
󐣮	U+D08EE	Cn	21	正文	󐣮	󐣮	肅卣	
󐨐	U+D0A10	Cn	21	正文	馭	󐨐	馭卣	
󐫅	U+D0AC5	Cn	21	正文	𩒳	󐫅	梁其壺甲蓋	
󑆝	U+D119D	Cn	21	複合族徽	萈󑆝	萈󑆝	󑆝羊爵	
󐋮	U+D02EE	Cn	20	正文	攸	攸	󐋮罍	
󐍀	U+D0340	Cn	20	正文	󐍀	󐍀	𫮩鼎	
󐔻	U+D053B	Cn	20	正文	歲	歲	蒍夫人󐔻鼎	
󐩗	U+D0A57	Cn	20	正文	󐩗	󐩗	󐩗鼎	
󐷩	U+D0DE9	Cn	20	正文	歸	歸	王人󐷩輔甗	
󐍝	U+D035D	Cn	19	正文	頾	髭	聑髭婦󐍝爵	
󐤊	U+D090A	Cn	19	單一族徽	單一族徽第237組	單一族徽第237組	󐤊父己鼎	
󑀝	U+D101D	Cn	19	正文	𪱪	󑀝	滕侯鼎蓋	
󑂈	U+D1088	Cn	19	正文	逆	逆	楷侯󑂈逆簠	
󐑌	U+D044C	Cn	18	正文	󐑌	󐑌	󐑌簋	
󐩻	U+D0A7B	Cn	18	正文	造	󑐠	󐩻卣	
󐭝	U+D0B5D	Cn	18	正文	正	正	󐭝鼎	
󐳲	U+D0CF2	Cn	18	正文	盥	𬐮	叔󐳲盤	
󐷦	U+D0DE6	Cn	18	正文	三	三	󐷦公蘇戈	
󐾨	U+D0FA8	Cn	18	正文	󐾨	󐾨	宗人簋甲	
󑆁	U+D1181	Cn	18	單一族徽	單一族徽第49組	單一族徽第49組	亞󑆁觚	
󑩜	U+D1A5C	Cn	18	正文	春	旾	鄭令公先󑩜戈	
񅒘	U+45498	Cn	17	正文	犅	𱭭	犅伯񅒘卣	
󐗑	U+D05D1	Cn	17	正文	友	󐗑	召卣	
󐤡	U+D0921	Cn	17	正文	聑	聑	󐦑聑󐤡鼎	
󐤵	U+D0935	Cn	17	單一族徽	單一族徽第45組	單一族徽第45組	亞󐤵鼎	
󐬎	U+D0B0E	Cn	17	正文	𩒳	󐬎	仲枏父簋蓋	
󐲋	U+D0C8B	Cn	17	正文	󐲋	󐲋	叔󐲋方彝蓋	
󐷈	U+D0DC8	Cn	17	正文	獻	󐷈	伯甗	
󐺻	U+D0EBB	Cn	17	正文	福	𫴦	󐺻史殿壺蓋	
󑀼	U+D103C	Cn	17	正文	󑀼	󑀼	󑀼慶父簋	
󑃧	U+D10E7	Cn	17	正文	及	及	󑃧余敦	
󐂾	U+D00BE	Cn	16	正文	󐂾	󐂾	小臣󐂾鼎	
󐆐	U+D0190	Cn	16	正文	豐	󐑯	󐆐公󐨥鼎	
󐏨	U+D03E8	Cn	16	正文	󐏨	󐰔	師望鼎	
󐖷	U+D05B7	Cn	16	正文	󐖷	󐖷	曾󰌸尹喬缶	
󐤦	U+D0926	Cn	16	單一族徽	單一族徽第260組	單一族徽第260組	󐤦鼎	
󐬂	U+D0B02	Cn	16	正文	建	建	小臣󐬂鼎	
󐳐	U+D0CD0	Cn	16	正文	󐳐	󐳐	彔伯󐕱簋蓋	
󐳷	U+D0CF7	Cn	16	正文	弟	弟	叔󐳷父簋	
󐸢	U+D0E22	Cn	16	單一族徽	單一族徽第415組	單一族徽第415組	󐸢爵	
󐹻	U+D0E7B	Cn	16	正文	寶	󐷼	󐹻父盤	
󐼎	U+D0F0E	Cn	16	正文	吉	吉	𫑤公伯󐼎簋	
󐼯	U+D0F2F	Cn	16	正文	󐼯	󐼯	叔簋	
󑄏	U+D110F	Cn	16	正文	󑄏	󑄏	󑄏子豆蓋	
󑛖	U+D16D6	Cn	16	正文	乃	乃	󑛖卣	
󑬔	U+D1B14	Cn	16	正文	󑬔	󑬔	郙王󑬔劍	
𼎎	U+3C38E	Cn	15	正文	𼎎	𼎎	遣伯簋	
󐆨	U+D01A8	Cn	15	正文	󐆨	󐆨	戍𫲱鼎	
󐍸	U+D0378	Cn	15	正文	一	一	󐍸簋	
󐛠	U+D06E0	Cn	15	正文	歸	󑃡	伯歸󐛠鼎	
󐥑	U+D0951	Cn	15	單一族徽	單一族徽第278組	單一族徽第278組	󐥑觶	
󐥨	U+D0968	Cn	15	正文	蘇	𩵦	蘇󐥨子癸父甲簋	
󐦉	U+D0989	Cn	15	正文	󐧝	󐦉	作父乙鼎	
󐨠	U+D0A20	Cn	15	正文	䀠	䀠	󐪅伯󐨠鼎	
󐬄	U+D0B04	Cn	15	正文	召	󐬄	四祀𠨘其壺	
󐬤	U+D0B24	Cn	15	正文	匡	󐬤	曶鼎	
󐭀	U+D0B40	Cn	15	正文	𩒳	󐭀	師器父鼎	
󐷷	U+D0DF7	Cn	15	正文	󐷷	󐷷	󐷷壺蓋	
󐹅	U+D0E45	Cn	15	單一族徽	單一族徽第214組	單一族徽第214組	󐹅簋	
󐿝	U+D0FDD	Cn	15	正文	三	三	󐿝尊	
󑀘	U+D1018	Cn	15	正文	󑀘	󑀘	󑀘簋	
󑗆	U+D15C6	Cn	15	正文	周	周	周󑗆壺	
󐄤	U+D0124	Cn	14	正文	王	王	小子󐄤鼎	
󐋱	U+D02F1	Cn	14	正文	讎	󐋱	󐋱卣蓋	
󐓟	U+D04DF	Cn	14	正文	朋	󐓟	朋鬲	
󐣽	U+D08FD	Cn	14	正文	示	示	󐣽卣蓋	
󐤙	U+D0919	Cn	14	單一族徽	單一族徽第250組	單一族徽第250組	󐤙鼎	
󐤬	U+D092C	Cn	14	單一族徽	單一族徽第263組	單一族徽第263組	󐤬戊鼎	
󐥲	U+D0972	Cn	14	單一族徽	單一族徽第307組	單一族徽第307組	󐥲父乙鼎	
󐨍	U+D0A0D	Cn	14	正文	𩒳	󐨍	欒伯盤	
󐩙	U+D0A59	Cn	14	正文	󐩙	󐩙	發鼎	
󐬢	U+D0B22	Cn	14	正文	今	含	󐬢保之女鼎	
󐬼	U+D0B3C	Cn	14	正文	揚	󐬼	作冊夨令簋	
󐭩	U+D0B69	Cn	14	正文	󐭩	󐭩	󐭩尊	
󐮷	U+D0BB7	Cn	14	正文	具	具	󐮷簋	
󐯤	U+D0BE4	Cn	14	正文	遘	遘	󐯤鼎	
󐱽	U+D0C7D	Cn	14	正文	龏	󐱽	龏妊甗	
󑂶	U+D10B6	Cn	14	正文	惠	惠	邾太宰欉子󑂶簠蓋	
󑖦	U+D15A6	Cn	14	正文	𬜪	𬜪	󑖦駒壺	
󰌔	U+F0314	Co	14	正文	丂	丂	󰌔可忌敦	
󐓐	U+D04D0	Cn	13	正文	父	父	仲󐓐父簋蓋	
󐤇	U+D0907	Cn	13	正文	𧯦	𧯦	客𧯦󐤇鼎	
󐥮	U+D096E	Cn	13	單一族徽	單一族徽第303組	單一族徽第303組	󐥮父甲鼎	
󐪳	U+D0AB3	Cn	13	正文	邁	󐪳	叔巟甗	
󐬛	U+D0B1B	Cn	13	正文	槃	󑟃	󐬛君單盤	
󐯑	U+D0BD1	Cn	13	單一族徽	單一族徽第12組	單一族徽第12組	󐯑癸爵	
󐲍	U+D0C8D	Cn	13	正文	󐲍	󐲍	大盂鼎	
󐴂	U+D0D02	Cn	13	正文	廛	󐴂	公子󐴂父簋丙	
󐴄	U+D0D04	Cn	13	正文	鑄	󐴄	番匊生壺	
󐼠	U+D0F20	Cn	13	正文	祖	𱑲	晉侯󐼠簋	
󑀆	U+D1006	Cn	13	正文	元	元	󑀆談公之不子戈	
󑀟	U+D101F	Cn	13	正文	󑀟	󑀟	󑀟簋甲	
󑓨	U+D14E8	Cn	13	正文	言	言	󑓨卣蓋	
󑟘	U+D17D8	Cn	13	正文	󑟘	󑟘	叔夷鎛	
󑧄	U+D19C4	Cn	13	正文	造	𢽍	曹右󑧄戈	
񅆒	U+45192	Cn	12	正文	񅆒	񅆒	尹姞鬲	
񅞇	U+45787	Cn	12	正文	𠱾	𠱾	曾𡝹񅞇朱姬簠	
󐄎	U+D010E	Cn	12	正文	󐄎	󐄎	丮觥蓋	
󐕐	U+D0550	Cn	12	正文	自	自	󐕐鼎	
󐕯	U+D056F	Cn	12	正文	迊	迊	子󐕯迊子壺	
󐦦	U+D09A6	Cn	12	正文	友	友	󐦦友左鼎	
󐨁	U+D0A01	Cn	12	正文	󐨁	󐨁	󐨁伯鼎	
󐪩	U+D0AA9	Cn	12	正文	永	󐪩	羌鼎	
󐪫	U+D0AAB	Cn	12	正文	走	󐪫	召圜器	
󐫰	U+D0AF0	Cn	12	正文	敔	󐫰	敔簋	
󐭼	U+D0B7C	Cn	12	正文	若	若	徐王󐭼鼎	
󐮢	U+D0BA2	Cn	12	正文	揚	󐮢	󐮠󐮡鼎	
󐮴	U+D0BB4	Cn	12	正文	揚	󐮴	小子壺	
󐳤	U+D0CE4	Cn	12	複合族徽	󐳤󐀕	󐳤󐀕	󐳤󐀕爵	
󐺚	U+D0E9A	Cn	12	正文	󐺚	󐺚	子󐺚爵蓋	
󐺜	U+D0E9C	Cn	12	正文	󐺜	󐺜	󐺜󐺜簋	
󐽧	U+D0F67	Cn	12	正文	󐽧	󐽧	曾仲大父蛕簋	
󐽨	U+D0F68	Cn	12	正文	󐽨	󐽨	啟卣蓋	
󐽷	U+D0F77	Cn	12	正文	󐽷	󐽷	免簋	
󐾊	U+D0F8A	Cn	12	正文	欨	欨	󐾊簋	
󑔍	U+D150D	Cn	12	正文	瓚	󐐓	󑔍尊	
󰌳	U+F0333	Co	12	複合族徽	󰌳𫠤	󰌳𫠤	󰌳󐦈觚	
񅐍	U+4540D	Cn	11	正文	蔡	󐀣	蔡大善夫񅐍簠	
󐀊	U+D000A	Cn	11	正文	視	󐀊	𫡗鼎	
󐤠	U+D0920	Cn	11	單一族徽	單一族徽第254組	單一族徽第254組	󐤠甗	
󐦈	U+D0988	Cn	11	單一族徽	單一族徽第232組	單一族徽第232組	󐣹󐦈爵	
󐧆	U+D09C6	Cn	11	複合族徽	子󐧆	子󐧆	子󐧆簋	
󐨮	U+D0A2E	Cn	11	正文	齍	𠆜	󐨮公簋	
󐪶	U+D0AB6	Cn	11	正文	邁	󐪶	觶	
󐭕	U+D0B55	Cn	11	正文	匜	󐭕	伯𠂔匜	
󐮼	U+D0BBC	Cn	11	正文	帝	帝	󐮼方鼎	
󐰑	U+D0C11	Cn	11	正文	諫	諫	󐰑鼎	
󐵑	U+D0D51	Cn	11	正文	󐵑	󐵑	郑井叔󐵑父鬲	
󐸆	U+D0E06	Cn	11	正文	分	分	󐸆甗	
󐻂	U+D0EC2	Cn	11	正文	散	󐻂	散氏盤	
󐼄	U+D0F04	Cn	11	正文	興	興	󐼄簋	
󐽋	U+D0F4B	Cn	11	正文	往	󐽍	󐽋簋蓋	
󐾰	U+D0FB0	Cn	11	正文	祝	祝	󐾰簋蓋	
󑀙	U+D1019	Cn	11	正文	󑀙	󑀙	毛󑀙簋	
󑃊	U+D10CA	Cn	11	正文	曾	曾	曾公子叔󑃊簠乙蓋	
󑆘	U+D1198	Cn	11	複合族徽	子󑆘	子󑆘	子圭母爵	
󑉧	U+D1267	Cn	11	正文	󑉧	󑉧	󑉧壺	
󑒜	U+D149C	Cn	11	複合族徽	󑒜耳	󑒜耳	󑒜耳卣	
󑩐	U+D1A50	Cn	11	正文	譊	譊	代相樂󑩐鈹	
󑬂	U+D1B02	Cn	11	正文	壯	壯	襄城令𪺝󑬂矛	
񈅈	U+48148	Cn	10	正文	񈅈	񈅈	南季鼎	
󈪭	U+C8AAD	Cn	10	正文	八	八	󈪭子񅝾盞	
󈫁	U+C8AC1	Cn	10	正文	󈫁	󈫁	史󈫁觶蓋	
󐈃	U+D0203	Cn	10	正文	󐈃	󐈃	󐈃盨	
󐉮	U+D026E	Cn	10	正文	󐉮	󐉮	子卣	
󐏶	U+D03F6	Cn	10	正文	󐏶	󐏶	棘𤯂鼎蓋	
󐐓	U+D0413	Cn	10	正文	瓚	󐐓	姒丁尊	
󐑧	U+D0467	Cn	10	正文	𥁕	󐑧	𥁕弗生甗	
󐓕	U+D04D5	Cn	10	正文	彔	彔	󐓕󐴏尹仲彔鼎	
󐕏	U+D054F	Cn	10	正文	旅	󐕏	叔京簋	
󐜙	U+D0719	Cn	10	正文	󐜙	󐤆	集󐤆鼎	
󐥔	U+D0954	Cn	10	正文	肇	󐥔	婦姒啟鼎	
󐥘	U+D0958	Cn	10	單一族徽	單一族徽第284組	單一族徽第284組	󐥘父乙簋	
󐩁	U+D0A41	Cn	10	正文	孤	󐩁	亞󐤽孤竹鼎	
󐯔	U+D0BD4	Cn	10	正文	󐯔	󐯔	小盂鼎	
󐰏	U+D0C0F	Cn	10	正文	󐰏	󐰏	毛󐰏簋	
󐰼	U+D0C3C	Cn	10	正文	𩒳	󐰼	仲枏父鬲	
󐴏	U+D0D0F	Cn	10	正文	彔	彔	󐓕󐴏尹仲彔鼎	
󐵟	U+D0D5F	Cn	10	正文	敔	󐵟	敔簋蓋	
󐺨	U+D0EA8	Cn	10	正文	荊	𠛄	󐺨簋	
󐼁	U+D0F01	Cn	10	正文	󐼁	󐼁	吳󐼁父簋蓋	
󐽶	U+D0F76	Cn	10	正文	󐽷	󐽷	󐽶簋蓋	
󑀳	U+D1033	Cn	10	正文	󑀳	󑀳	仲󑀳父簋蓋	
󑁺	U+D107A	Cn	10	正文	復	󑁺	季󑁺父簠	
󑄐	U+D1110	Cn	10	正文	󑄏	󑄏	󑄏子󑄐豆	
󑊍	U+D128D	Cn	10	正文	㞢	㞢	王㞢女󑊍觥蓋	
󑚺	U+D16BA	Cn	10	正文	西	西	伯󑚺盉	
󑩣	U+D1A63	Cn	10	正文	妾	妾	相邦󑩣戈	
󑭀	U+D1B40	Cn	10	正文	禦	󑭂	攻吳太子姑發󑭀反劍	
󑮑	U+D1B91	Cn	10	正文	󑮑	󑄂	昭器蓋	
𾍶	U+3E376	Cn	9	正文	𾍶	𾍶	𾍶卣蓋	
񄰕	U+44C15	Cn	9	正文	登	񄰕	鄧公盉	
󐀉	U+D0009	Cn	9	正文	㼱	󐀉	叔休壺甲	
󐃟	U+D00DF	Cn	9	正文	薛	󐃟	󑓥薛尊	
󐔎	U+D050E	Cn	9	正文	󐔎	󐔎	󐔎觥	
󐣭	U+D08ED	Cn	9	正文	奔	󐣭	婦󐣭簋	
󐦊	U+D098A	Cn	9	正文	乙	乙	󐦊車乙鼎	
󐦔	U+D0994	Cn	9	複合族徽	萈󐦔耒	萈󐦔耒	󐦓󐦔力鼎	
󐦭	U+D09AD	Cn	9	正文	父	父	󐦭父己尊	
󐨄	U+D0A04	Cn	9	正文	楷	󐨄	楷仲鼎	
󐫟	U+D0ADF	Cn	9	正文	𤯍	󐫟	司鼎	
󐭍	U+D0B4D	Cn	9	正文	鑄	󐭍	楚公家鐘二	
󐮓	U+D0B93	Cn	9	正文	揚	󐮓	伯𫳖父卣	
󐮠	U+D0BA0	Cn	9	正文	逐	逐	󐮠󐮡鼎	
󐯖	U+D0BD6	Cn	9	正文	雝	󐯖	雍子前彝戈	
󐰋	U+D0C0B	Cn	9	正文	鑄	󐰋	榮伯鬲	
󐵮	U+D0D6E	Cn	9	複合族徽	󑍒󐵮	󑍒󐵮	󑍒󐵮壺蓋	
󐻴	U+D0EF4	Cn	9	正文	󐻴	󐻴	叔󐻴父簋	
󐻶	U+D0EF6	Cn	9	正文	公	公	󐻶公聞簋	
󐻺	U+D0EFA	Cn	9	正文	󐻺	󐻺	𥾈氏󐻺簋乙	
󐽁	U+D0F41	Cn	9	正文	益	益	󐽁簋	
󑀨	U+D1028	Cn	9	正文	󑀨	󑀨	母󑀨󑙹帚方彝蓋	
󑂚	U+D109A	Cn	9	正文	䀇	󑂚	伊𬢸簠	
󑃝	U+D10DD	Cn	9	正文	盂	󑃝	黃子螻盞	
󑃡	U+D10E1	Cn	9	正文	歸	󑃡	應侯視工鐘	
󑇽	U+D11FD	Cn	9	複合族徽	󑇽󑇾門	󑇽󑇾門	󑇽󑇾門爵	
󑇾	U+D11FE	Cn	9	複合族徽	󑇽󑇾門	󑇽󑇾門	󑇽󑇾門爵	
󑍒	U+D1352	Cn	9	複合族徽	鳥󑍒	鳥󑍒	鳥󑍒觚	
󑍕	U+D1355	Cn	9	複合族徽	󑍕󐸢	󑍕󐸢	󑍕󐸢觚	
󑓓	U+D14D3	Cn	9	正文	󑓓	󑓓	󑓓尊	
󑖘	U+D1598	Cn	9	正文	󑖘	󑖘	󑖘侯壺蓋	
󑘮	U+D162E	Cn	9	正文	死	死	賈子伯󑘮父盤	
󑣁	U+D18C1	Cn	9	正文	萃	𧛀	敬󑣁新城戈	
󑥰	U+D1970	Cn	9	單一族徽	單一族徽第229組	單一族徽第229組	󑥰󐣱鐃甲	
󑦍	U+D198D	Cn	9	正文	冶	󑦍	邞戈	
󑫫	U+D1AEB	Cn	9	正文	朏	朏	褱令󑫫備戈	
󑮎	U+D1B8E	Cn	9	正文	󑮎	󑮎	右里󑮎󑮏量	
󑮏	U+D1B8F	Cn	9	正文	󑮎	󑮎	右里󑮎󑮏量	
󰈀	U+F0200	Co	9	正文	琮	󐯵	作冊󰈀卣	
󰌫	U+F032B	Co	9	複合族徽	󰌫夨	󰌫夨	󰌫矢父戊爵	
񅅠	U+45160	Cn	8	合文	二十	二十	񅅠厨鼎蓋	
󈧐	U+C89D0	Cn	8	複合族徽	㚔󈧐	㚔󈧐	㚔󐀕壺	
󐅺	U+D017A	Cn	8	正文	󐅺	󐅺	󐅺卣蓋	
󐓺	U+D04FA	Cn	8	正文	蘇	𩵦	蘇󐓺壺	
󐕁	U+D0541	Cn	8	正文	訇	訇	󐕁𫳰󐺷簋	
󐖺	U+D05BA	Cn	8	正文	半	󐖺	秦公簋	
󐗏	U+D05CF	Cn	8	正文	鬲	󐗏	芮太子白鬲甲	
󐦐	U+D0990	Cn	8	單一族徽	單一族徽第328組	單一族徽第328組	󐦐鼎	
󐦩	U+D09A9	Cn	8	正文	󐦩	󐦩	王卣蓋	
󐧊	U+D09CA	Cn	8	正文	弄	弄	鳥󐧊簋	
󐩶	U+D0A76	Cn	8	正文	󐩶	󐩶	妯子鼎	
󐪄	U+D0A84	Cn	8	正文	󐪄	󐪄	󐪄子鼎	
󐪇	U+D0A87	Cn	8	正文	懿	󐪈	󐪇父鼎	
󐪞	U+D0A9E	Cn	8	正文	瓚	󐐓	瓚󐪞鼎	
󐪻	U+D0ABB	Cn	8	正文	梁	󐬞	󐪻佗壺	
󐫩	U+D0AE9	Cn	8	正文	󐫩	󐫩	應公鼎	
󐰓	U+D0C13	Cn	8	正文	󐰓	󐰓	師道簋	
󐰡	U+D0C21	Cn	8	正文	󐰡	󐰡	番生簋蓋	
󐰲	U+D0C32	Cn	8	正文	󐰲	󐰲	曾夫人󐶮鬲	
󐲃	U+D0C83	Cn	8	正文	󐲃	󐲃	小臣𬣆簋蓋	
󐳽	U+D0CFD	Cn	8	正文	󐳽	󐳽	昶󐳼仲比父鼎	
󐷶	U+D0DF6	Cn	8	正文	粱	󐷶	史免簠蓋	
󐺟	U+D0E9F	Cn	8	正文	凡	󐺟	小臣宅簋	
󐺢	U+D0EA2	Cn	8	正文	󐺢	󐺢	伯󐺢簋蓋	
󐺷	U+D0EB7	Cn	8	正文	訇	訇	󐕁𫳰󐺷簋	
󐻀	U+D0EC0	Cn	8	正文	󐻀	󐻀	𬇻󐻀簋	
󐻇	U+D0EC7	Cn	8	正文	󐻇	󐻇	伯󐻇簋	
󐼷	U+D0F37	Cn	8	正文	󐼷	󐼷	賈伯壺甲	
󐾼	U+D0FBC	Cn	8	正文	總	󐾼	盠尊	
󑃜	U+D10DC	Cn	8	正文	右	右	右󑃜尹壺	
󑄝	U+D111D	Cn	8	正文	祀	祀	𫿧君季󑄝盂	
󑇴	U+D11F4	Cn	8	複合族徽	子󑇴	子󑇴	子󑇴觚	
󑎖	U+D1396	Cn	8	正文	召	󑎖	𫵐丏召觚	
󑑯	U+D146F	Cn	8	正文	󑑯	󑑯	作冊斦觥蓋	
󑔰	U+D1530	Cn	8	正文	炎	炎	󑔰尊	
󑚅	U+D1685	Cn	8	正文	󑚅	󑚅	𫤵󑚅父辛卣蓋	
󑜐	U+D1710	Cn	8	正文	遣	󑜐	作冊䰧卣	
󑜜	U+D171C	Cn	8	正文	󑜜	󑜜	󑜜觶蓋	
󑞂	U+D1782	Cn	8	正文	述	述	乃孫󑞂罍	
󑠅	U+D1805	Cn	8	正文	󑠅	󑠅	史墻盤	
󑧫	U+D19EB	Cn	8	正文	徒	徒	陳子󑧫戈	
󑨅	U+D1A05	Cn	8	正文	冶	󑨅	安平守變疾鈹	
󑩷	U+D1A77	Cn	8	正文	󑩷	󑩷	大陰令賈弩戈	
󑭍	U+D1B4D	Cn	8	正文	󑭍	󑭍	左使車帳桿接扣	
񅏮	U+453EE	Cn	7	正文	造	񅏮	平王午戈丙	
񅝾	U+4577E	Cn	7	正文	八	八	󈪭子񅝾盞	
󐎑	U+D0391	Cn	7	單一族徽	單一族徽第525組	單一族徽第525組	󐎑父辛觚	
󐑂	U+D0442	Cn	7	正文	󐄓	󐄓	󐑂侯󐄓丁斝	
󐑒	U+D0452	Cn	7	正文	󐑒	󐑒	󐑒卣蓋	
󐔜	U+D051C	Cn	7	正文	󐔜	󐔜	伯󐔜簋	
󐕑	U+D0551	Cn	7	正文	簋	𣪘	󐕑簋	
󐠈	U+D0808	Cn	7	正文	從	󐠈	作從彝卣	
󐣶	U+D08F6	Cn	7	單一族徽	單一族徽第40組	單一族徽第40組	󐣶鼎	
󐨦	U+D0A26	Cn	7	正文	登	󐨦	𫭘父簋	
󐨻	U+D0A3B	Cn	7	正文	旅	󐨻	旅作父乙尊	
󐩆	U+D0A46	Cn	7	正文	尹	尹	闇尹󐩆鼎	
󐩜	U+D0A5C	Cn	7	正文	宄	󐩜	麥盉	
󐩯	U+D0A6F	Cn	7	正文	鑄	󐩯	蒍夫人󐔻鼎	
󐬞	U+D0B1E	Cn	7	正文	梁	󐬞	梁戈	
󐬫	U+D0B2B	Cn	7	正文	揚	󐬫	𫡗鼎	
󐮡	U+D0BA1	Cn	7	正文	逐	逐	󐮠󐮡鼎	
󐮬	U+D0BAC	Cn	7	正文	祼	󐮬	守宮盤	
󐯗	U+D0BD7	Cn	7	正文	禦	󐯗	耳󑐜觶	
󐯦	U+D0BE6	Cn	7	正文	禦	禦	𫨏𫨏󐯦盉蓋	
󐰞	U+D0C1E	Cn	7	正文	世	󐰞	師遽方彝	
󐰵	U+D0C35	Cn	7	正文	畏	󐰵	子後(cid:10727)盉	
󐰹	U+D0C39	Cn	7	正文	慎	󐰹	大克鼎	
󐳜	U+D0CDC	Cn	7	單一族徽	單一族徽第218組	單一族徽第218組	夙父己觶蓋（󐳜父己觶蓋	
󐳾	U+D0CFE	Cn	7	正文	󐳾	󐳾	景之󐳾鼎	
󐴎	U+D0D0E	Cn	7	正文	𩒳	󐴎	伯康簋	
󐴑	U+D0D11	Cn	7	正文	𢓴	退	󐴑鼎	
󐵇	U+D0D47	Cn	7	正文	選	󐵇	選鐘乙	
󐵍	U+D0D4D	Cn	7	正文	冶	󐵍	上洛左庫戈	
󐷎	U+D0DCE	Cn	7	正文	󐷎	󐷎	伯󐷎父甗	
󐷾	U+D0DFE	Cn	7	正文	󐷾	󐷾	󐷾甗	
󐹙	U+D0E59	Cn	7	正文	𩞑	󐹚	新󐹙簋	
󐻭	U+D0EED	Cn	7	正文	德	󐻭	師俞尊	
󐼘	U+D0F18	Cn	7	正文	無	無	戍𫳇無󐼘觚	
󐾱	U+D0FB1	Cn	7	正文	󐾱	󐾱	󐾰簋蓋	
󑀶	U+D1036	Cn	7	正文	得	󑀶	曾公得簋蓋	
󑐥	U+D1425	Cn	7	正文	造	󑐥	造仲觶	
󑕔	U+D1554	Cn	7	正文	者	者	諸仲󑕔卣	
󑖾	U+D15BE	Cn	7	正文	揚	󑖾	作丁󑖾卣	
󑧶	U+D19F6	Cn	7	正文	戟	󑧶	伯邛戟	
󑩖	U+D1A56	Cn	7	正文	寇	󑩖	司工矛	
󑩯	U+D1A6F	Cn	7	正文	造	𢽍	趙令邯鄲󑩯戈	
󑫄	U+D1AC4	Cn	7	正文	䢦	䢦	大陰令焦󑫄戈	
󑫩	U+D1AE9	Cn	7	正文	𫺵	𫺵	󑫩陰令戈	
񄲽	U+44CBD	Cn	6	複合族徽	񄲽保慧鳥	񄲽保慧鳥	񄲽保좞觶	
񄵩	U+44D69	Cn	6	正文	񄵩	񄵩	師衛簋蓋	
񄾐	U+44F90	Cn	6	正文	盨	񄾐	京叔盨	
񅋊	U+452CA	Cn	6	正文	񅋊	񅋊	񅋊卣蓋	
񅏫	U+453EB	Cn	6	正文	񅏫	񅏫	應侯視工簋甲蓋	
񅑎	U+4544E	Cn	6	正文	񅑎	񅑎	是񅑎簋蓋	
񅗹	U+455F9	Cn	6	正文	񅗹	񅗹	񅗹卣蓋	
񅙤	U+45664	Cn	6	正文	񅙤	񅙤	即簋	
󁀒	U+C1012	Cn	6	正文	󁀒	󁀒	󁀒觥蓋	
󈣰	U+C88F0	Cn	6	正文	󈣰	󈣰	召生簋甲蓋	
󐃋	U+D00CB	Cn	6	正文	鉤	󐃋	毛伯󐃋父簋	
󐍓	U+D0353	Cn	6	正文	󐍓	󐍓	曾太保󐍓簋蓋	
󐑯	U+D046F	Cn	6	正文	豐	󐑯	󐆐公󐨥鼎	
󐑳	U+D0473	Cn	6	正文	𤯍	󐑳	曆鼎	
󐒹	U+D04B9	Cn	6	正文	󐒹	󐒹	魯侯簋甲蓋	
󐓗	U+D04D7	Cn	6	正文	󐓗	󐓗	閈簋甲蓋	
󐔽	U+D053D	Cn	6	正文	󐔽	󐔽	臧孫鐘庚	
󐕂	U+D0542	Cn	6	正文	󐕂	󐕂	攻吳王姑讎亓󑭅劍	
󐙕	U+D0655	Cn	6	正文	󐙕	󐙕	󐙕戈	
󐚉	U+D0689	Cn	6	正文	󐚉	󐚉	󐵔子楚鼎蓋	
󐤁	U+D0901	Cn	6	正文	寵	󐤁	進鼎	
󐤔	U+D0914	Cn	6	單一族徽	單一族徽第246組	單一族徽第246組	󐤔斝	
󐤗	U+D0917	Cn	6	單一族徽	單一族徽第249組	單一族徽第249組	󐤗鼎	
󐤶	U+D0936	Cn	6	單一族徽	單一族徽第267組	單一族徽第267組	亞󐤶斝	
󐥷	U+D0977	Cn	6	單一族徽	單一族徽第311組	單一族徽第311組	󐥷祖辛簋	
󐥼	U+D097C	Cn	6	單一族徽	單一族徽第315組	單一族徽第315組	󐥼爵	
󐦖	U+D0996	Cn	6	正文	建	󐦖	󐦖鼎蓋	
󐦰	U+D09B0	Cn	6	正文	父	父	󐦰󐣹鼎	
󐧟	U+D09DF	Cn	6	正文	󐧝	󐧟	(cid:7054)鼎	
󐨛	U+D0A1B	Cn	6	正文	楷	󐨛	󐮋鼎	
󐨧	U+D0A27	Cn	6	正文	鑄	󐨧	仲𩟧父盨	
󐨨	U+D0A28	Cn	6	正文	鑄	󐨨	格伯簋	
󐩰	U+D0A70	Cn	6	正文	醓	󐩰	徐醓尹鉦鋮	
󐪭	U+D0AAD	Cn	6	正文	󐪭	󐪭	右中𫼇鼎蓋	
󐪽	U+D0ABD	Cn	6	正文	冶	󐪽	冶瘏杖首	
󐬿	U+D0B3F	Cn	6	正文	𩒳	󐬿	曶壺蓋	
󐮞	U+D0B9E	Cn	6	正文	网	网	󐮞鼎	
󐮽	U+D0BBD	Cn	6	正文	肜	󐮽	二祀𠨘其卣	
󐮾	U+D0BBE	Cn	6	正文	󐮾	󐮾	師衛鼎	
󐮿	U+D0BBF	Cn	6	正文	󐮿	󐮿	師衛鼎	
󐯃	U+D0BC3	Cn	6	正文	󐯃	󐯃	函皇父鼎	
󐯏	U+D0BCF	Cn	6	正文	鑄	󐯏	曾子倝鼎	
󐯕	U+D0BD5	Cn	6	正文	气	气	鄀公󐯕鼎	
󐰜	U+D0C1C	Cn	6	正文	󐰜	󐰜	史頌簋蓋	
󐱶	U+D0C76	Cn	6	正文	󐱶	󐱶	卌二年逑鼎甲	
󐱸	U+D0C78	Cn	6	正文	𩰤	󐱸	作冊吳方彝蓋	
󐲴	U+D0CB4	Cn	6	正文	祖	󐲴	陳逆簋	
󐳆	U+D0CC6	Cn	6	正文	󐳆	󐳆	毛公鼎	
󐳠	U+D0CE0	Cn	6	複合族徽	󐳠󐎑	󐳠󐎑	󐳠戎祖己卣	
󐳹	U+D0CF9	Cn	6	正文	󐳹	󐳹	曾卿事宣鼎甲	
󐴅	U+D0D05	Cn	6	正文	󐴅	󐴅	宋公󐱠鼎	
󐴍	U+D0D0D	Cn	6	正文	奪	奪	󐴍君鼎	
󐴹	U+D0D39	Cn	6	正文	󐴹	󐴹	󐴹子鼎	
󐵎	U+D0D4E	Cn	6	正文	鑄	󐵎	彔盨丁蓋	
󐵜	U+D0D5C	Cn	6	正文	󐵜	󐵜	居𲅻𠭯鼎	
󐶛	U+D0D9B	Cn	6	正文	鑄	󐶛	芮公鬲	
󐶭	U+D0DAD	Cn	6	正文	󐶭	󐶭	曾卿事󐶭鬲甲	
󐶮	U+D0DAE	Cn	6	正文	󐰲	󐰲	曾夫人󐶮鬲	
󐻫	U+D0EEB	Cn	6	正文	󐻫	󐻫	散車父簋蓋	
󐼼	U+D0F3C	Cn	6	正文	對	󐼼	呂伯簋乙	
󐽾	U+D0F7E	Cn	6	正文	󐽾	󐽾	麥尊	
󐾒	U+D0F92	Cn	6	正文	󐾒	󐾒	格伯簋蓋	
󐾛	U+D0F9B	Cn	6	正文	󐾛	󐾛	㺇簋丁	
󐾦	U+D0FA6	Cn	6	正文	道	󐾦	師道簋	
󐾲	U+D0FB2	Cn	6	正文	󐾲	󐾲	󐾰簋蓋	
󐿎	U+D0FCE	Cn	6	正文	󐿎	󐿎	三年師兌簋蓋	
󑀁	U+D1001	Cn	6	正文	󑀁	󑀁	󑀁簋蓋	
󑀊	U+D100A	Cn	6	正文	󑀊	󑀊	󑀊簋蓋	
󑀐	U+D1010	Cn	6	正文	󑀐	󑀐	鬲󑀐友簋蓋	
󑀣	U+D1023	Cn	6	正文	祈	𬀚	家伯束󑀣簋乙	
󑁓	U+D1053	Cn	6	正文	盨	󑁓	史𣬐盨	
󑁩	U+D1069	Cn	6	正文	󑁩	󑁩	翏生盨	
󑂂	U+D1082	Cn	6	正文	󑂂	󑂂	曾伯克父簠乙	
󑂎	U+D108E	Cn	6	正文	蔡	󑂏	王孫󑂎簠	
󑂻	U+D10BB	Cn	6	正文	󑂻	󑂻	弭仲簠	
󑃔	U+D10D4	Cn	6	正文	쓯	쓯	申子󑃔氏大叔簠甲	
󑃱	U+D10F1	Cn	6	正文	󑃱	󑃱	齊侯匜	
󑃲	U+D10F2	Cn	6	正文	󑃲	󑃲	齊侯敦	
󑄃	U+D1103	Cn	6	正文	󑄃	󑄃	衛姒豆蓋	
󑄼	U+D113C	Cn	6	正文	󑄼	󑄼	魚鼎匕	
󑇺	U+D11FA	Cn	6	複合族徽	󑇺󑊄保	󑇺󑊄保	󑇺󐣱保爵	
󑇼	U+D11FC	Cn	6	複合族徽	󐤌󑇼	󐤌󑇼	󐤌󑇼辛爵	
󑈑	U+D1211	Cn	6	複合族徽	󑈑犬	󑈑犬	󑈑犬父乙爵	
󑉝	U+D125D	Cn	6	正文	󑉝	󑉝	又䍩癸卣蓋	
󑌗	U+D1317	Cn	6	複合族徽	𠬪󑌗	𠬪󑌗	𠬪󑌗觚	
󑍌	U+D134C	Cn	6	複合族徽	并󑍌	并󑍌	并󑍌觚	
󑐠	U+D1420	Cn	6	正文	造	󑐠	士上尊	
󑐯	U+D142F	Cn	6	正文	󑐯	󑐯	冢十六杯	
󑒖	U+D1496	Cn	6	複合族徽	子󑒖	子󑒖	子󑒖尊	
󑒛	U+D149B	Cn	6	複合族徽	󑒛戈	󑒛戈	󑒛戈卣	
󑔬	U+D152C	Cn	6	正文	懋	󑔬	召卣	
󑖳	U+D15B3	Cn	6	正文	󑖳	󑖳	四斗鈁	
󑙔	U+D1654	Cn	6	複合族徽	󑙔犮	󑙔犮	󑙔犮卣蓋	
󑚐	U+D1690	Cn	6	複合族徽	子󐨙󑚐󐤉	子󐨙󑚐󐤉	子󐨙󑚐󐤉父己卣	
󑚳	U+D16B3	Cn	6	正文	󑚳	󑚳	󑚳高卣蓋	
󑜽	U+D173D	Cn	6	正文	󑜽	󑜽	󑜽觥蓋	
󑟍	U+D17CD	Cn	6	正文	𩒳	󑟍	殷㝅盤	
󑠼	U+D183C	Cn	6	複合族徽	子󐥞󑠼	子󐥞󑠼	子󐥝󑠼父甲盉蓋	
󑡌	U+D184C	Cn	6	正文	𨏶	󑡌	春成侯盉	
󑢢	U+D18A2	Cn	6	正文	󑢢	󑢢	公孫潮子鐘五	
󑢳	U+D18B3	Cn	6	正文	融	󑢳	𤼈鐘	
󑣆	U+D18C6	Cn	6	正文	均	󑣆	𪒠鐘乙	
󑣞	U+D18DE	Cn	6	正文	󑣞	󑣞	曾侯乙鐘二	
󑤅	U+D1905	Cn	6	正文	󑤅	󑤅	者減鐘戊	
󑤓	U+D1913	Cn	6	正文	艱	󑤓	不其簋	
󑤡	U+D1921	Cn	6	正文	󑤡	󑤡	郘𲎖鐘八	
󑤦	U+D1926	Cn	6	正文	󑤦	󑤦	王孫誥鐘廿一	
󑥕	U+D1955	Cn	6	正文	󑥕	󑥕	季子康鎛甲	
󑥠	U+D1960	Cn	6	正文	󑥠	𬱅	番生簋蓋	
󑥪	U+D196A	Cn	6	單一族徽	單一族徽第300組	單一族徽第300組	󑥪鐃	
󑥭	U+D196D	Cn	6	複合族徽	𫤵󑥭	𫤵󑥭	𫤵󑥭鐃	
󑦨	U+D19A8	Cn	6	複合族徽	火󑦨	火󑦨	火󑦨戈	
󑧯	U+D19EF	Cn	6	正文	童	童	武王之童󑧯戈	
󑨈	U+D1A08	Cn	6	正文	󑨈	󑨈	齊城右戟	
󑨊	U+D1A0A	Cn	6	正文	󑨊	󑨊	燕王喜劍	
󑩄	U+D1A44	Cn	6	正文	冶	󑩄	欒令𬃬唐鈹	
󑩏	U+D1A4F	Cn	6	正文	󑩐	󑩐	少(cid:7098)令󑩏文戈	
󑩤	U+D1A64	Cn	6	正文	󑩤	󑩤	代相趙敢鈹	
󑫂	U+D1AC2	Cn	6	正文	介	介	介令𬢘󑫂戈	
󑫃	U+D1AC3	Cn	6	正文	󑫃	󑫃	趙氏余戈二	
󑫣	U+D1AE3	Cn	6	正文	丘	󑫣	鄂君啓車節	
󑫥	U+D1AE5	Cn	6	正文	冶	󑫥	文陰令賈㚢戈	
󑮵	U+D1BB5	Cn	6	正文	󑮵	󑮵	鄂君啓車節	
󑮺	U+D1BBA	Cn	6	正文	󑮺	󑮺	鄂君啓車節	
󑯫	U+D1BEB	Cn	6	正文	󑯫	󑯫	嗇夫𨛭信銅犀	
󑯲	U+D1BF2	Cn	6	正文	󑯲	󑯲	曾侯乙鐘架、挂件	
󑯳	U+D1BF3	Cn	6	正文	󑯳	󑯳	曾侯乙鐘架、挂件	
󰌊	U+F030A	Co	6	正文	󰌊	󰌊	作冊大鼎	
󰌏	U+F030F	Co	6	正文	󰌏	󰌏	󰌏鼎	
󰌐	U+F0310	Co	6	正文	曾	𬎿	曾󰌐生甾鼎	
�	U+FFFD	So	6	單一族徽	單一族徽第232組	單一族徽第232組	󐣹父丁󑏽��	
񄯗	U+44BD7	Cn	5	正文	何	񄯗	何壺	
񌣮	U+4C8EE	Cn	5	正文	尚	񌣮	肅卣	
󐄓	U+D0113	Cn	5	正文	󐄓	󐄓	󐑂侯󐄓丁斝	
󐇅	U+D01C5	Cn	5	正文	󐇅	󐇅	伯󐇅鼎	
󐓄	U+D04C4	Cn	5	正文	󐓄	󐓄	乖伯簋	
󐕭	U+D056D	Cn	5	正文	將	󐕭	史叀鼎	
󐣨	U+D08E8	Cn	5	單一族徽	單一族徽第222組	單一族徽第222組	󐣨父乙鼎	
󐤄	U+D0904	Cn	5	單一族徽	單一族徽第235組	單一族徽第235組	󐤄盤	
󐤆	U+D0906	Cn	5	正文	󐜙	󐤆	集󐤆鼎	
󐥠	U+D0960	Cn	5	複合族徽	西單󐥵	西單󐥵	󐥠西單爵	
󐥤	U+D0964	Cn	5	單一族徽	單一族徽第295組	單一族徽第295組	󐥤五戈	
󐥽	U+D097D	Cn	5	單一族徽	單一族徽第316組	單一族徽第316組	󐥽父丁爵	
󐦶	U+D09B6	Cn	5	單一族徽	單一族徽第53組	單一族徽第53組	亞󐦶父甲卣蓋	
󐧢	U+D09E2	Cn	5	正文	󐧢	󐧢	󐧢戍鼎	
󐧦	U+D09E6	Cn	5	正文	中	中	中󐧦王鼎	
󐧯	U+D09EF	Cn	5	單一族徽	單一族徽第392組	單一族徽第392組	󐧯鉞	
󐨌	U+D0A0C	Cn	5	正文	枳	󐨌	陳𫎒簋蓋	
󐩐	U+D0A50	Cn	5	正文	唬	唬	唬󐩐君鼎	
󐪺	U+D0ABA	Cn	5	正文	肇	肈	󐪺司寇獸鼎	
󐭽	U+D0B7D	Cn	5	正文	𩰱	󐭽	寓鼎	
󐮗	U+D0B97	Cn	5	正文	宿	󐮗	𫑞季𫴒車匜	
󐯨	U+D0BE8	Cn	5	正文	忘	󐯨	召圜器	
󐱋	U+D0C4B	Cn	5	正文	綰	󐱋	史墻盤	
󐳘	U+D0CD8	Cn	5	正文	敖	𫠤	敖󐳘鼎	
󐳣	U+D0CE3	Cn	5	正文	舌	舌	󐳣舌母鼎	
󐴐	U+D0D10	Cn	5	正文	鑄	󐴐	伯△鼎	
󐴔	U+D0D14	Cn	5	正文	辭	󐴔	司工量	
󐵋	U+D0D4B	Cn	5	正文	󐵋	󐵋	叔󐵋父鼎	
󐵚	U+D0D5A	Cn	5	正文	鬲	󐵚	樊君鬲	
󐵲	U+D0D72	Cn	5	正文	󐵲	󐵲	󐵲鬲	
󐶓	U+D0D93	Cn	5	正文	鬲	鬲	江叔󐶓鬲	
󐷌	U+D0DCC	Cn	5	正文	靁	󐷌	雷甗	
󐷐	U+D0DD0	Cn	5	正文	何	何	𪦘󐷐甗	
󐷪	U+D0DEA	Cn	5	正文	良	良	󐷪子良人甗	
󐸯	U+D0E2F	Cn	5	單一族徽	單一族徽第416組	單一族徽第416組	子󐸯乙觶	
󐹍	U+D0E4D	Cn	5	正文	簋	󐹍	𪨍簋蓋	
󐼖	U+D0F16	Cn	5	正文	鸞	󐼖	叔噩父簋	
󐾶	U+D0FB6	Cn	5	正文	宄	󐾶	師酉簋	
󐿵	U+D0FF5	Cn	5	正文	造	󐿵	(cid:19668)簋	
󑀉	U+D1009	Cn	5	正文	寶	󑀉	中鼎	
󑁙	U+D1059	Cn	5	正文	盨	󑁙	仲𩟧父盨	
󑂏	U+D108F	Cn	5	正文	蔡	󑂏	蔡叔戈	
󑂗	U+D1097	Cn	5	正文	旨	旨	伯󑂗魚父簠	
󑄂	U+D1102	Cn	5	正文	󑄂	󑄂	卲方豆	
󑄧	U+D1127	Cn	5	正文	盆	盆	曾太保󑄧叔亟盆	
󑄱	U+D1131	Cn	5	正文	󑄱	󑄱	󑄱仲姜盆	
󑆍	U+D118D	Cn	5	正文	何	󑆍	何卣蓋	
󑎙	U+D1399	Cn	5	正文	󑎙	󑎙	羌󑎙向觚	
󑕘	U+D1558	Cn	5	正文	󑕘	󑕘	󑕘逑尊	
󑖔	U+D1594	Cn	5	正文	一	一	鑄大󑖔壺	
󑖩	U+D15A9	Cn	5	正文	府	󑖩	春成侯壺	
󑛌	U+D16CC	Cn	5	正文	𠭯	𠭯	𠭯󑛌卣	
󑞡	U+D17A1	Cn	5	正文	󑞡	󑞡	󑞡仲䀈缶	
󑡗	U+D1857	Cn	5	正文	󰌇	󰌇	又󑡗󰌇貝盉	
󑡞	U+D185E	Cn	5	正文	匜	󑡞	陳子匜	
󑡣	U+D1863	Cn	5	正文	會	會	蔡子󑡣匜	
󑡮	U+D186E	Cn	5	正文	止	止	作司󑡮匜	
󑢞	U+D189E	Cn	5	正文	歌	󑢞	鄬子受鐘乙	
󑣘	U+D18D8	Cn	5	正文	新	󑣘	郜公戈	
󑤕	U+D1915	Cn	5	正文	󑤕	󑤕	叔夷鐘五	
󑦣	U+D19A3	Cn	5	正文	制	󑦣	󑦣戈	
󑧆	U+D19C6	Cn	5	正文	還	還	淵󑧆縣	
󑧡	U+D19E1	Cn	5	正文	趙	趙	趙󑧡戈	
󑨏	U+D1A0F	Cn	5	正文	郭	󑨐	󑨏郭公子嘼戈	
󑨜	U+D1A1C	Cn	5	正文	󑨝	󑨝	󑨜子󑨝臣戈	
󑨝	U+D1A1D	Cn	5	正文	󑨝	󑨝	󑨜子󑨝臣戈	
󑩚	U+D1A5A	Cn	5	正文	吂	吂	許令州󑩚戈	
󑪻	U+D1ABB	Cn	5	正文	冶	󑪻	城淮戈	
󑿭	U+D1FED	Cn	5	正文	勝	󑿭	邦司寇富無矛	
󰌇	U+F0307	Co	5	正文	󰌇	󰌇	又󑡗󰌇貝盉	
𿭅	U+3FB45	Cn	4	正文	𿭅	𿭅	仲𡬳父壺蓋	
񄮒	U+44B92	Cn	4	正文	񄮒	񄮒	賈伯簋甲	
񅋬	U+452EC	Cn	4	正文	䀇	񅋬	邿召簠蓋	
񅝴	U+45774	Cn	4	正文	姞	񅝴	尹氏士吉射簋甲蓋	
񍫼	U+4DAFC	Cn	4	正文	񍫼	񍫼	伯弘父盨蓋	
󐀤	U+D0024	Cn	4	正文	󐀤	󐀤	昔(cid:19366)簋甲	
󐄾	U+D013E	Cn	4	正文	󐄾	󐄾	亞夫󐄾爵	
󐆭	U+D01AD	Cn	4	複合族徽	耳𬠿天	耳𬠿天	耳󐆭父丁鼎	
󐇭	U+D01ED	Cn	4	正文	史	史	󐇭婦觚	
󐌀	U+D0300	Cn	4	正文	󐌀	󐌀	󐌀觶	
󐒞	U+D049E	Cn	4	正文	󐒞	󐒞	鄂君啓舟節	
󐓾	U+D04FE	Cn	4	正文	󐓾	󐓾	鄂君啓舟節	
󐔨	U+D0528	Cn	4	正文	󐔨	󐔨	卿盤	
󐖌	U+D058C	Cn	4	正文	󐖌	󐖌	十四年陳侯午敦	
󐗁	U+D05C1	Cn	4	正文	󐗁	󐗁	󐗁(cid:19362)戟	
󐙰	U+D0670	Cn	4	正文	此	此	徐子伯󐙰此戈	
󐚇	U+D0687	Cn	4	正文	䋣	󐚇	雷子歸產鼎	
󐟗	U+D07D7	Cn	4	正文	󐟗	󐟗	楚王酓󐮩鼎	
󐣲	U+D08F2	Cn	4	單一族徽	單一族徽第230組	單一族徽第230組	󐣲簋	
󐤰	U+D0930	Cn	4	正文	󐤰	󐤰	雍󐤰戈	
󐤳	U+D0933	Cn	4	複合族徽	子󐤳	子󐤳	召卣蓋	
󐥋	U+D094B	Cn	4	複合族徽	萈󑊄	萈󑊄	󐥋羊鼎	
󐥌	U+D094C	Cn	4	正文	羊	羊	󐥌羊車器	
󐥣	U+D0963	Cn	4	單一族徽	單一族徽第294組	單一族徽第294組	󐥣△簋	
󐥥	U+D0965	Cn	4	正文	度	度	󐥥度鼎	
󐥿	U+D097F	Cn	4	單一族徽	單一族徽第317組	單一族徽第317組	󐥿父辛鼎	
󐦙	U+D0999	Cn	4	正文	鑄	󐦙	太保鼎	
󐦨	U+D09A8	Cn	4	正文	𫈇	𫈇	𫵌𫈇󐦨鼎蓋	
󐦿	U+D09BF	Cn	4	正文	逆	󐦿	󐦿父觶	
󐧉	U+D09C9	Cn	4	合文	帚󐧉	帚󐧉	婦󐧉鼎	
󐧽	U+D09FD	Cn	4	正文	策	茦	茦󐧽鼎	
󐨸	U+D0A38	Cn	4	正文	辭	󐨸	𫳞邑司鼎	
󐨾	U+D0A3E	Cn	4	正文	食	食	󐨾父鼎	
󐩂	U+D0A42	Cn	4	正文	󐧝	󐧟	孟󐩂鼎	
󐩅	U+D0A45	Cn	4	正文	鄧	󐩅	鄧子旁𨞊甗	
󐩞	U+D0A5E	Cn	4	正文	姒	󐩞	保侃母壺蓋	
󐩪	U+D0A6A	Cn	4	正文	乍	󐩪	曾侯乙盤尊	
󐩲	U+D0A72	Cn	4	正文	󐩲	󐩲	襄公鼎	
󐪴	U+D0AB4	Cn	4	正文	廟	󐪴	霸伯豆乙	
󐫁	U+D0AC1	Cn	4	正文	鑄	󐫁	黃仲酉盤	
󐫇	U+D0AC7	Cn	4	正文	󐫇	󐫇	伯󐫇父鼎	
󐬪	U+D0B2A	Cn	4	正文	󐬪	󐬪	獻侯鼎	
󐮁	U+D0B81	Cn	4	正文	󐮁	󐮁	師眉鼎	
󐮤	U+D0BA4	Cn	4	正文	󐮤	󐮤	伯怡父鼎甲	
󐯒	U+D0BD2	Cn	4	正文	真	󐯒	段簋	
󐯢	U+D0BE2	Cn	4	正文	󐯢	󐯢	曾太保發簠蓋	
󐯶	U+D0BF6	Cn	4	正文	󐯶	󐯶	亢鼎	
󐰁	U+D0C01	Cn	4	正文	垣	󐰁	垣伯豐鼎	
󐰇	U+D0C07	Cn	4	正文	鑄	󐰇	師同鼎	
󐱉	U+D0C49	Cn	4	正文	󐏨	󐱉	沈子它簋蓋	
󐱷	U+D0C77	Cn	4	正文	󐱷	󐱷	卌二年逑鼎甲	
󐱹	U+D0C79	Cn	4	正文	󐱹	󐱹	卌二年逑鼎甲	
󐱺	U+D0C7A	Cn	4	正文	󐱺	󐱺	卌二年逑鼎甲	
󐲠	U+D0CA0	Cn	4	正文	遺	󐲠	叔卣	
󐳬	U+D0CEC	Cn	4	正文	󐳬	󐳬	曾󐳬公臣鼎	
󐴒	U+D0D12	Cn	4	正文	龏	龏	陽小叔󐴒父鼎	
󐴣	U+D0D23	Cn	4	複合族徽	子匿	子匿	子󐴣觚	
󐵃	U+D0D43	Cn	4	正文	󐵃	󐵃	伯者父簋	
󐵓	U+D0D53	Cn	4	正文	󐵓	󐵓	中小臣󐵓鼎	
󐵸	U+D0D78	Cn	4	正文	󐵸	󐵸	王鬲	
󐵿	U+D0D7F	Cn	4	正文	唯	唯	黃朱󐵿鬲	
󐶄	U+D0D84	Cn	4	正文	其	其	京姜󐶄母鬲	
󐶋	U+D0D8B	Cn	4	正文	鬲	󐶋	芮公鬲	
󐶚	U+D0D9A	Cn	4	正文	鬲	󐶚	虢文公子𬆢鬲	
󐶞	U+D0D9E	Cn	4	正文	󐶞	󐶞	󐶞子奠伯鬲	
󐶻	U+D0DBB	Cn	4	複合族徽	󐦟󐶻	󐦟󐶻	󐦟繭甗	
󐶽	U+D0DBD	Cn	4	正文	豐	󐶽	豐甗	
󐷼	U+D0DFC	Cn	4	正文	寶	󐷼	󐹻父盤	
󐸻	U+D0E3B	Cn	4	正文	󐸻	󐸻	亘󐸻方簋	
󐹇	U+D0E47	Cn	4	正文	父	父	亞󐹇父癸簋	
󐹛	U+D0E5B	Cn	4	正文	農	󐹛	農父簋	
󐹣	U+D0E63	Cn	4	正文	󐹣	󐹣	伯侄簋蓋	
󐹸	U+D0E78	Cn	4	正文	󐹸	󐹸	師󐹸簋	
󐻲	U+D0EF2	Cn	4	正文	是	是	是󐻲簋	
󐽬	U+D0F6C	Cn	4	正文	𡱂	󐽬	殿敖簋蓋	
󐽲	U+D0F72	Cn	4	正文	遄	󐽲	𬾺簋蓋	
󐾝	U+D0F9D	Cn	4	正文	󐾝	󐾝	伐簋	
󐾟	U+D0F9F	Cn	4	正文	󐾟	󐾟	伐簋	
󐾠	U+D0FA0	Cn	4	正文	󐾠	󐾠	伐簋	
󐾬	U+D0FAC	Cn	4	正文	素	󐾬	輔師𠭰簋	
󐾸	U+D0FB8	Cn	4	正文	󐾸	󐾸	作冊夨令簋	
󐾹	U+D0FB9	Cn	4	正文	󐾹	󐾹	作冊夨令簋	
󐿍	U+D0FCD	Cn	4	正文	󐿍	󐿍	㝬簋	
󐿗	U+D0FD7	Cn	4	正文	󐿗	󐿗	󐕱簋蓋	
󐿿	U+D0FFF	Cn	4	正文	氒	󐿿	牧簋	
󑀋	U+D100B	Cn	4	正文	言	言	󑀋京父簋	
󑀍	U+D100D	Cn	4	正文	匊	匊	仲󑀍父簋蓋	
󑀏	U+D100F	Cn	4	正文	哀	哀	伯󑀏簋	
󑀠	U+D1020	Cn	4	正文	召	󑀠	逑盤	
󑁒	U+D1052	Cn	4	正文	盨	󑁒	仲𠂤父盨	
󑁕	U+D1055	Cn	4	正文	盨	󑁔	󑁕戎盨	
󑃘	U+D10D8	Cn	4	正文	󑃘	󑃘	孟羋克母簠	
󑃞	U+D10DE	Cn	4	正文	盞	盞	賓于󑃞盞	
󑃽	U+D10FD	Cn	4	正文	󑃽	󑃽	陳子󑃽盞	
󑄥	U+D1125	Cn	4	正文	󑄥	󑄥	曾孟𪦳諫盆蓋	
󑄳	U+D1133	Cn	4	正文	󑄳	󑄳	仲阪父盆蓋	
󑅢	U+D1162	Cn	4	單一族徽	單一族徽第292組	單一族徽第292組	󑅢爵	
󑅬	U+D116C	Cn	4	單一族徽	單一族徽第302組	單一族徽第302組	󑅬爵	
󑆃	U+D1183	Cn	4	單一族徽	單一族徽第50組	單一族徽第50組	󑆃鑾鈴	
󑇙	U+D11D9	Cn	4	單一族徽	單一族徽第384組	單一族徽第384組	󑇙父丁爵	
󑈌	U+D120C	Cn	4	單一族徽	單一族徽第58組	單一族徽第58組	󑈌父癸爵	
󑉬	U+D126C	Cn	4	正文	𬺠	𬺠	舟𬺠󑉬爵	
󑎋	U+D138B	Cn	4	複合族徽	󑎋丼	󑎋丼	祼丼尊	
󑏨	U+D13E8	Cn	4	單一族徽	單一族徽第540組	單一族徽第540組	󑏨父乙卣蓋	
󑐣	U+D1423	Cn	4	複合族徽	󑐣子	󑐣子	甚觶	
󑑜	U+D145C	Cn	4	複合族徽	子󑑜	子󑑜	子漁斝	
󑑠	U+D1460	Cn	4	單一族徽	單一族徽第193組	單一族徽第193組	隹󑑠斝	
󑑽	U+D147D	Cn	4	單一族徽	單一族徽第194組	單一族徽第194組	󑑽卣蓋	
󑓎	U+D14CE	Cn	4	正文	彝	󑓎	作父辛尊	
󑕂	U+D1542	Cn	4	正文	󑕂	󑕂	琱生尊	
󑕃	U+D1543	Cn	4	正文	󑕃	󑕃	琱生尊	
󑕅	U+D1545	Cn	4	正文	󑕅	󑕅	琱生尊	
󑕆	U+D1546	Cn	4	正文	󑕆	󑕆	琱生尊	
󑕇	U+D1547	Cn	4	正文	󑕇	󑕇	曾侯諫壺蓋	
󑕿	U+D157F	Cn	4	正文	󑕿	󑕿	󑕿君啓妾壺	
󑖞	U+D159E	Cn	4	正文	󑖞	󑖞	仲姜壺	
󑘵	U+D1635	Cn	4	正文	造	󐿵	芮公󑘵壺	
󑚈	U+D1688	Cn	4	複合族徽	𫤵󑚈	𫤵󑚈	𫤵父癸卣蓋	
󑚌	U+D168C	Cn	4	複合族徽	󑚌𬦚𫳇	󑚌𬦚𫳇	亞寢父乙卣蓋	
󑚝	U+D169D	Cn	4	正文	尊	尊	󑚝󐓨卣	
󑚶	U+D16B6	Cn	4	正文	󑚶	󑚶	󑚶卣	
󑛬	U+D16EC	Cn	4	正文	󑛬	󑛬	𠭰卣蓋	
󑛯	U+D16EF	Cn	4	複合族徽	󑛯舟	󑛯舟	作冊󐹻卣蓋	
󑛷	U+D16F7	Cn	4	正文	󑛷	󑛷	啟卣蓋	
󑝁	U+D1741	Cn	4	正文	󑝁	󑝁	𬀜觥蓋	
󑝏	U+D174F	Cn	4	正文	郳	󑝏	郳公鎛	
󑝑	U+D1751	Cn	4	正文	󑝑	󑝑	陶觥蓋	
󑝒	U+D1752	Cn	4	正文	󑝒	󑝒	陶觥蓋	
󑟂	U+D17C2	Cn	4	正文	󑟂	󑟂	攻吳大叔盤	
󑟑	U+D17D1	Cn	4	正文	御	御	魯正叔之󑟑盤	
󑟙	U+D17D9	Cn	4	正文	𩒳	󑟙	囂伯盤	
󑟪	U+D17EA	Cn	4	正文	揚	󑟪	令鼎	
󑟯	U+D17EF	Cn	4	正文	󑟯	󑟯	叔多父盤	
󑟰	U+D17F0	Cn	4	正文	󑟰	󑟰	叔多父盤	
󑡒	U+D1852	Cn	4	正文	󑡒	󑡒	由盉	
󑡡	U+D1861	Cn	4	正文	匜	󑡡	工季生匜	
󑢂	U+D1882	Cn	4	正文	󑢂	󑢂	𠑇匜	
󑢉	U+D1889	Cn	4	正文	󑢉	󑢉	󑢉匜	
󑢒	U+D1892	Cn	4	正文	祈	𬀚	太保󑢒仲匜	
󑣌	U+D18CC	Cn	4	正文	僕	󑣌	鄧子僕戈	
󑣲	U+D18F2	Cn	4	正文	󑣲	󑣲	楚公逆鐘	
󑤆	U+D1906	Cn	4	正文	󑤆	󑤆	大克鼎	
󑤈	U+D1908	Cn	4	正文	󑤈	󑤈	叔夷鐘一	
󑤿	U+D193F	Cn	4	正文	󑤿	󑤿	曾侯與鐘Ⅰ乙	
󑥗	U+D1957	Cn	4	正文	󑥗	󑥗	許子醬𠂤鎛甲	
󑥙	U+D1959	Cn	4	正文	󑥙	󑥙	𪒠鎛甲	
󑦆	U+D1986	Cn	4	單一族徽	單一族徽第322組	單一族徽第322組	󑦆戈	
󑦺	U+D19BA	Cn	4	正文	萃	󑦺	昭王之諻戈	
󑧋	U+D19CB	Cn	4	正文	󑧋	󑧋	󑧋師寢戈	
󑧚	U+D19DA	Cn	4	正文	󑧚	󑧚	息之王戟	
󑧿	U+D19FF	Cn	4	正文	冶	󑧿	單父司寇鈹	
󑨇	U+D1A07	Cn	4	正文	冶	󑨇	叚陽庫戈	
󑨕	U+D1A15	Cn	4	正文	呂	呂	呂王之孫󑨕戈	
󑨦	U+D1A26	Cn	4	正文	󑨦	󑨦	甾丘令癰戈	
󑨭	U+D1A2D	Cn	4	正文	冶	󑨭	馬雍令事吳戈	
󑩥	U+D1A65	Cn	4	正文	󑩥	󑩥	上郡守疾戈	
󑪡	U+D1AA1	Cn	4	正文	󑪡	󑪡	󑪡氏仲履戈	
󑪴	U+D1AB4	Cn	4	正文	󑪴	󑪴	向令𢼊戈	
󑫊	U+D1ACA	Cn	4	正文	敺	敺	毆󑫊戈	
󑫒	U+D1AD2	Cn	4	正文	󑫒	󑫒	鄝公戈	
󑫞	U+D1ADE	Cn	4	正文	千	千	󑫞󑫟戈	
󑬷	U+D1B37	Cn	4	正文	󑬷	󑬷	守相信平君鈹	
󑭆	U+D1B46	Cn	4	正文	󑭆	󑭆	󑭆鈹	
󑭳	U+D1B73	Cn	4	正文	󑭳	󑭳	新造旗杆鐓	
󑭶	U+D1B76	Cn	4	正文	冶	󑭶	八年鳥柱盆	
󑮨	U+D1BA8	Cn	4	正文	󑮨	󑮨	右行󑮨環權	
󑮾	U+D1BBE	Cn	4	正文	󑮾	󑮾	鄂君啓舟節	
󑮿	U+D1BBF	Cn	4	正文	󑮿	󑮿	鄂君啓舟節	
󑯙	U+D1BD9	Cn	4	正文	󑯙	󑯙	󑯙陽庶子燈	
󑯝	U+D1BDD	Cn	4	正文	󑯝	󑯝	曾仲蒍君󑯝鎮墓獸座	
󑯼	U+D1BFC	Cn	4	正文	󑯼	󑯼	業邘令陽戈	
󰅇	U+F0147	Co	4	正文	󰅇	󰅇	𬰿方彝蓋	
󰌓	U+F0313	Co	4	正文	󰌓	󰌓	󰌓監簋	
󰌖	U+F0316	Co	4	正文	󰌖	󰌖	元尊	
󰌙	U+F0319	Co	4	正文	󰌙	󰌙	戍鈴方彝	
(cid:41329)	(cid:41329)	CID	3	複合族徽	󐹇(cid:41329)	󐹇(cid:41329)	亞󐹇(cid:41329)父丁角	
(cid:41333)	(cid:41333)	CID	3	複合族徽	𡨦(cid:41333)	𡨦(cid:41333)	寢(cid:41333)角	
(cid:41398)	(cid:41398)	CID	3	複合族徽	司(cid:41398)	司(cid:41398)	司(cid:41398)觚	
𾉻	U+3E27B	Cn	3	正文	豐	󐑯	叔𾉻簋蓋	
񄯫	U+44BEB	Cn	3	正文	道	񄯫	文盨	
񄴉	U+44D09	Cn	3	正文	񄴉	񄴉	楚񄴉鼎蓋	
񄼘	U+44F18	Cn	3	正文	񄼘	񄼘	񄼘卣蓋	
񄽅	U+44F45	Cn	3	正文	󐻺	󐻺	𥾈氏񄽅簋甲蓋	
񄿨	U+44FE8	Cn	3	正文	尊	񄿨	仲姜簋蓋	
񅅝	U+4515D	Cn	3	正文	盨	񅅝	伯大師釐盨蓋	
񅈝	U+4521D	Cn	3	正文	舒	󈪭	󈪭子񅈝(cid:11174)蓋	
񅉘	U+45258	Cn	3	正文	薦	񅉘	曾仲𰃘簋丙	
񅏍	U+453CD	Cn	3	正文	隰	񅏍	晉侯對盨乙蓋	
񅑟	U+4545F	Cn	3	正文	鼎	񅑟	蒍子昃鼎	
񅙢	U+45662	Cn	3	正文	󐭩	񅙢	大師小子𼎎簋蓋	
񅜰	U+45730	Cn	3	正文	誨	񅜰	叔卣	
񅞖	U+45796	Cn	3	正文	斆	񅞖	㑂季簋甲蓋	
񅤈	U+45908	Cn	3	正文	񅤈	񅤈	子㝪񅤈壺	
񰇿	U+701FF	Cn	3	正文	龠	񰇿	疐簋	
󈦣	U+C89A3	Cn	3	正文	簋	󈦣	曾仲𰃘簋甲蓋	
󐁻	U+D007B	Cn	3	正文	󐁻	󐁻	󐁻斧	
󐃌	U+D00CC	Cn	3	正文	󐃌	󐃌	󐃌太師齊簋	
󐄒	U+D0112	Cn	3	正文	朱	󐄒	㺇簋蓋	
󐇇	U+D01C7	Cn	3	單一族徽	單一族徽第372組	單一族徽第372組	󐇇弓形器	
󐈌	U+D020C	Cn	3	複合族徽	󐈌鬼	󐈌鬼	󐈌鬼爵	
󐋇	U+D02C7	Cn	3	單一族徽	單一族徽第495組	單一族徽第495組	󐋇父丁簋	
󐋕	U+D02D5	Cn	3	正文	󐋕	󐋕	󐋕爵簋	
󐍃	U+D0343	Cn	3	正文	䀇	󐍃	邾季瑚甲蓋	
󐍎	U+D034E	Cn	3	複合族徽	󐥜󐍎	󐥜󐍎	齒󐍎鼎	
󐎐	U+D0390	Cn	3	單一族徽	單一族徽第524組	單一族徽第524組	󐎐觚	
󐏎	U+D03CE	Cn	3	正文	棄	󐏎	曾公子棄疾鼎乙	
󐐇	U+D0407	Cn	3	正文	鑊	󐐇	發鼎	
󐐒	U+D0412	Cn	3	正文	一	󐐒	鄂君啓車節	
󐐳	U+D0433	Cn	3	正文	遰	󐐳	遰鼎	
󐑛	U+D045B	Cn	3	正文	虘	󐑛	召皇父盨	
󐑨	U+D0468	Cn	3	正文	䀇	󐑨	仲其父簠乙	
󐑫	U+D046B	Cn	3	正文	䀇	󐑫	商丘叔簠	
󐒀	U+D0480	Cn	3	正文	許	󐒀	許公簠甲	
󐚓	U+D0693	Cn	3	正文	令	󐚓	楚王酓󐮩鼎	
󐜠	U+D0720	Cn	3	正文	𬬤	󐜠	𪒠鎛乙	
󐣅	U+D08C5	Cn	3	正文	勉	󐣅	史墻盤	
󐤅	U+D0905	Cn	3	正文	󐤅	󐤅	󐤅鼎	
󐤐	U+D0910	Cn	3	單一族徽	單一族徽第242組	單一族徽第242組	󐤐鼎	
󐤚	U+D091A	Cn	3	單一族徽	單一族徽第251組	單一族徽第251組	󐤚鼎	
󐤯	U+D092F	Cn	3	複合族徽	己󐤯	己󐤯	󐤯己鼎	
󐥕	U+D0955	Cn	3	複合族徽	󐥕𤰇	󐥕𤰇	󐥕箙鼎	
󐥟	U+D095F	Cn	3	單一族徽	單一族徽第289組	單一族徽第289組	󐥟爵	
󐥪	U+D096A	Cn	3	複合族徽	受󐥪	受󐥪	亞受󐥪鼎	
󐦒	U+D0992	Cn	3	複合族徽	󐦒宅	󐦒宅	冊󐦒宅鼎	
󐦝	U+D099D	Cn	3	正文	󐦝	󐦝	󐦝鼎	
󐦠	U+D09A0	Cn	3	複合族徽	󐦟󐦠	󐦟󐦠	󐦟󐦠癸鼎	
󐦫	U+D09AB	Cn	3	複合族徽	巫󐦫	巫󐦫	巫󐦫祖丁鼎	
󐧀	U+D09C0	Cn	3	複合族徽	󐧀夨	󐧀夨	󐧀夨父辛鼎	
󐧁	U+D09C1	Cn	3	複合族徽	子󐧁	子󐧁	子󐧁父癸鼎	
󐧇	U+D09C7	Cn	3	複合族徽	󐤽󐧇	󐤽󐧇	亞󐤽󐧇鼎	
󐧍	U+D09CD	Cn	3	正文	旅	󐧍	伯(cid:6960)鼎	
󐧕	U+D09D5	Cn	3	複合族徽	󐅳󐧕	󐅳󐧕	󐅳冊󐧕辛鼎	
󐧞	U+D09DE	Cn	3	正文	󐧞	󐧞	󐧞鼎	
󐧱	U+D09F1	Cn	3	正文	󐧱	󐧱	󐧱鼎	
󐧲	U+D09F2	Cn	3	正文	󐧲	󐧲	󐧲鼎	
󐨂	U+D0A02	Cn	3	正文	󐨂	󐨂	󐨂伯鼎	
󐨵	U+D0A35	Cn	3	正文	󐨵	󐨵	󐨵監鼎	
󐩃	U+D0A43	Cn	3	單一族徽	單一族徽第428組	單一族徽第428組	󐩃觚	
󐩽	U+D0A7D	Cn	3	正文	󐩽	󐩽	󐩽鼎	
󐪈	U+D0A88	Cn	3	正文	懿	󐪈	匡卣	
󐪔	U+D0A94	Cn	3	正文	󐪔	󐪔	若母󐪔鼎	
󐪘	U+D0A98	Cn	3	正文	󐪘	󐪘	󐪘駒父鼎	
󐪛	U+D0A9B	Cn	3	複合族徽	󐪛又	󐪛又	󐪛又父乙觶	
󐫔	U+D0AD4	Cn	3	正文	梁	󐫔	大梁左庫戈	
󐬒	U+D0B12	Cn	3	正文	率	󐬒	呂伯簋乙蓋	
󐬵	U+D0B35	Cn	3	正文	𠦪	󐬵	伯克父盨乙蓋	
󐭅	U+D0B45	Cn	3	正文	浴	󐭅	蒍子朋缶蓋	
󐭎	U+D0B4E	Cn	3	正文	生	生	󐭎偖生鼎	
󐭴	U+D0B74	Cn	3	正文	求	󐭴	戍求鼎	
󐮉	U+D0B89	Cn	3	正文	闌	󐮉	戍𫲱鼎	
󐮪	U+D0BAA	Cn	3	正文	紹	󐮪	楚王酓󐮩鼎	
󐯙	U+D0BD9	Cn	3	正文	祼	󐯙	我鼎	
󐯪	U+D0BEA	Cn	3	正文	剌	󐯪	鄭莊公之孫鼎	
󐰔	U+D0C14	Cn	3	正文	󐏨	󐰔	師望鼎	
󐰘	U+D0C18	Cn	3	正文	󐼯	󐰘	小子生尊	
󐰱	U+D0C31	Cn	3	正文	彝	󐰱	王子午鼎	
󐰳	U+D0C33	Cn	3	正文	祈	󐰳	王子午鼎	
󐱁	U+D0C41	Cn	3	正文	彤	󐱁	宜侯夨簋	
󐱆	U+D0C46	Cn	3	正文	𢳎	󐱆	師󐱅鼎	
󐱊	U+D0C4A	Cn	3	正文	繛	󐱊	善夫山鼎	
󐱼	U+D0C7C	Cn	3	正文	綰	󐱼	卌三年逑鼎丙	
󐲊	U+D0C8A	Cn	3	正文	󐲍	󐲊	大盂鼎	
󐲌	U+D0C8C	Cn	3	正文	召	󐲌	大盂鼎	
󐲙	U+D0C99	Cn	3	正文	遄	󐲙	𧽊簋	
󐲥	U+D0CA5	Cn	3	正文	也	󐲥	中山王󐑍壺	
󐲪	U+D0CAA	Cn	3	正文	使	󐲪	中山王󐑍壺	
󐳡	U+D0CE1	Cn	3	正文	󐳡	󐳡	󐳡子乙鼎	
󐳼	U+D0CFC	Cn	3	正文	比	比	昶󐳼仲比父鼎	
󐴗	U+D0D17	Cn	3	正文	幾	󐴗	昭王之即簠甲	
󐴘	U+D0D18	Cn	3	正文	卒	󐴘	昭王之即鼎乙	
󐴧	U+D0D27	Cn	3	複合族徽	󐴧󐵤	󐴧󐵤	󐴧󐵤鬲	
󐵤	U+D0D64	Cn	3	複合族徽	󐴧󐵤	󐴧󐵤	󐴧󐵤鬲	
󐵥	U+D0D65	Cn	3	正文	疐	󐵥	子󐺚爵蓋	
󐵩	U+D0D69	Cn	3	複合族徽	󐵩糸	󐵩糸	󐵩糸父丁鬲	
󐵫	U+D0D6B	Cn	3	正文	󐵫	󐵫	󐵫鬲	
󐵯	U+D0D6F	Cn	3	正文	󐵯	󐵯	伯󐵯鬲	
󐵹	U+D0D79	Cn	3	正文	󐧝	󐵹	王鬲	
󐶌	U+D0D8C	Cn	3	正文	組	󐶌	虢季氏子組壺	
󐶐	U+D0D90	Cn	3	正文	󐶐	󐶐	齊不󐶐鬲	
󐶗	U+D0D97	Cn	3	正文	󐶗	󐶗	󐶗伯武君鬲	
󐶙	U+D0D99	Cn	3	正文	蓼	󐶙	𬑪士父鬲	
󐶩	U+D0DA9	Cn	3	正文	亞	亞	亞󐶩鬲	
󐶪	U+D0DAA	Cn	3	正文	與	󐶪	曾侯與鬲	
󐶰	U+D0DB0	Cn	3	正文	󐶰	󐶰	曾卿事󐶰鬲	
󐶺	U+D0DBA	Cn	3	複合族徽	𪦾󐶺	𪦾󐶺	𪦾󐶺甗	
󐶼	U+D0DBC	Cn	3	正文	󐶼	󐶼	󐶼從甗	
󐷄	U+D0DC4	Cn	3	正文	母	母	󐷄母癸甗	
󐷉	U+D0DC9	Cn	3	正文	󐷉	󐷉	󐷉甗	
󐷡	U+D0DE1	Cn	3	複合族徽	萈󐷡	萈󐷡	羊己󐷡爵	
󐸄	U+D0E04	Cn	3	正文	󐸄	󐸄	󐸄言	
󐸏	U+D0E0F	Cn	3	單一族徽	單一族徽第405組	單一族徽第405組	󐸏爵	
󐸟	U+D0E1F	Cn	3	複合族徽	甗󐸟	甗󐸟	甗󐸟簋	
󐸡	U+D0E21	Cn	3	複合族徽	󐸡󐸢	󐸡󐸢	󐸡󐸢簋	
󐸧	U+D0E27	Cn	3	複合族徽	子󐸧	子󐸧	子󐸧簋	
󐸫	U+D0E2B	Cn	3	複合族徽	付󐸫	付󐸫	付󐸫簋	
󐸽	U+D0E3D	Cn	3	正文	󐸽	󐸽	鄉󐸽󐣹簋	
󐹏	U+D0E4F	Cn	3	單一族徽	單一族徽第558組	單一族徽第558組	丙󑈎󐹏爵	
󐹧	U+D0E67	Cn	3	正文	󐹧	󐹧	󐹧簋	
󐹴	U+D0E74	Cn	3	正文	󐹴	󐹴	伯󐹴簋	
󐹹	U+D0E79	Cn	3	正文	󐹹	󐹹	呂󐹹簋	
󐹾	U+D0E7E	Cn	3	正文	𦬕	󐹾	士山盤	
󐺐	U+D0E90	Cn	3	正文	薦	󐺐	曾公得豆	
󐺑	U+D0E91	Cn	3	正文	少	少	牧󐺑簋	
󐺓	U+D0E93	Cn	3	正文	󐺓	󐺓	󐺓𥩭簋	
󐺦	U+D0EA6	Cn	3	正文	鄬	󐺦	蒍子朋缶蓋	
󐻉	U+D0EC9	Cn	3	正文	飤	󐻉	伯喬父簋	
󐻊	U+D0ECA	Cn	3	正文	󐻊	󐻊	󐻊年伯簋	
󐻣	U+D0EE3	Cn	3	正文	󐻣	󐻣	󐻣伯簋	
󐻦	U+D0EE6	Cn	3	正文	媵	󐻦	鄂侯簋	
󐻰	U+D0EF0	Cn	3	正文	󐻰	󐻰	季佝父󐻰簋蓋	
󐼔	U+D0F14	Cn	3	正文	逸	󐼔	向逸簋	
󐼤	U+D0F24	Cn	3	正文	匃	󐼤	陳逆簋	
󐼪	U+D0F2A	Cn	3	正文	寢	󐼪	五年琱生簋	
󐼬	U+D0F2C	Cn	3	正文	闌	󐼬	△尊	
󐼰	U+D0F30	Cn	3	正文	芻	󐼰	叔簋蓋	
󐽍	U+D0F4D	Cn	3	正文	往	󐽍	󐽋簋蓋	
󐽞	U+D0F5E	Cn	3	正文	霸	󐽞	霸伯簋蓋	
󐽟	U+D0F5F	Cn	3	正文	𤯍	󐽟	霸伯簋蓋	
󐽠	U+D0F60	Cn	3	正文	幬	󐽠	霸伯簋	
󐽡	U+D0F61	Cn	3	正文	𢳎	󐽡	㺇簋丁	
󐽪	U+D0F6A	Cn	3	正文	醴	󐽪	應侯視工簋丙蓋	
󐽰	U+D0F70	Cn	3	正文	𡱂	󐽰	衛簋乙蓋	
󐽸	U+D0F78	Cn	3	正文	䢱	󐽸	史(cid:19668)簋蓋	
󐾀	U+D0F80	Cn	3	正文	馨	󐾀	㺇簋蓋	
󐾁	U+D0F81	Cn	3	正文	逢	󐾁	㺇簋蓋	
󐾄	U+D0F84	Cn	3	正文	𬝧	󐾄	楚簋甲	
󐾌	U+D0F8C	Cn	3	正文	揚	󐾌	麃父尊	
󐾚	U+D0F9A	Cn	3	正文	佩	󐾚	㺇簋丁	
󐾮	U+D0FAE	Cn	3	正文	宕	󐾮	五年琱生簋	
󐾯	U+D0FAF	Cn	3	正文	揚	󐾯	六年琱生簋	
󐿐	U+D0FD0	Cn	3	正文	知	󐿐	宰獸簋	
󑀑	U+D1011	Cn	3	正文	󑀑	󑀑	󑀑簋	
󑀩	U+D1029	Cn	3	複合族徽	󑀩豕	󑀩豕	󑀩豕觚	
󑀫	U+D102B	Cn	3	複合族徽	󑀫㚔	󑀫㚔	󑀫㚔父辛簋	
󑁅	U+D1045	Cn	3	正文	𩰤	󑁅	呂伯簋甲	
󑁈	U+D1048	Cn	3	正文	顯	󑁈	卲簋乙蓋	
󑁉	U+D1049	Cn	3	正文	釐	󑁉	卲簋乙蓋	
󑁎	U+D104E	Cn	3	正文	盨	󑁎	弭叔盨	
󑁔	U+D1054	Cn	3	正文	盨	󑁔	󑁕戎盨	
󑁪	U+D106A	Cn	3	正文	󐳐	󑁪	十三年𤼈壺乙	
󑂕	U+D1095	Cn	3	正文	䀇	󑂕	魯士𫼍父簠	
󑂜	U+D109C	Cn	3	正文	鑄	󑂜	𬉖山旅虎簠蓋	
󑂪	U+D10AA	Cn	3	正文	曼	󑂪	陳曼簠	
󑂼	U+D10BC	Cn	3	正文	𠣿	󑂼	弭仲簠	
󑂽	U+D10BD	Cn	3	正文	粱	󑂽	伯公父簠	
󑃁	U+D10C1	Cn	3	正文	祖	󑃁	陳逆簠	
󑃇	U+D10C7	Cn	3	正文	期	󑃇	徐王子旃鐘	
󑃌	U+D10CC	Cn	3	正文	秋	󑃌	(cid:6901)王之即缶	
󑃳	U+D10F3	Cn	3	正文	獻	󑃳	十年陳侯午敦	
󑄉	U+D1109	Cn	3	正文	鋪	󑄉	厚氏元鋪	
󑄬	U+D112C	Cn	3	正文	乂	󑄬	晉公盆	
󑄵	U+D1135	Cn	3	正文	󑄵	󑄵	叔無󑄵盆	
󑅤	U+D1164	Cn	3	單一族徽	單一族徽第295組	單一族徽第295組	󑅤爵	
󑅳	U+D1173	Cn	3	複合族徽	󑅳天	󑅳天	󑅳天卣蓋	
󑅿	U+D117F	Cn	3	複合族徽	󑅿󐣹	󑅿󐣹	󑅿󐣹觚	
󑆎	U+D118E	Cn	3	複合族徽	子󑆎	子󑆎	子󑆎爵	
󑆏	U+D118F	Cn	3	複合族徽	子󑆏	子󑆏	子󑆏爵	
󑆐	U+D1190	Cn	3	複合族徽	子󑆐	子󑆐	子󑆐爵	
󑆒	U+D1192	Cn	3	複合族徽	子󑆒	子󑆒	子󑆒爵	
󑆓	U+D1193	Cn	3	複合族徽	子󑆓	子󑆓	子󑆓爵	
󑆜	U+D119C	Cn	3	複合族徽	干󑆜	干󑆜	干󑆜爵	
󑆞	U+D119E	Cn	3	複合族徽	𤰇󑆞	𤰇󑆞	箙󑆞爵	
󑆠	U+D11A0	Cn	3	複合族徽	禦󑆠	禦󑆠	禦󑆠爵	
󑆡	U+D11A1	Cn	3	複合族徽	皿󑆡	皿󑆡	皿󑆡爵	
󑆢	U+D11A2	Cn	3	複合族徽	辰󑆢	辰󑆢	辰󑆢爵	
󑆣	U+D11A3	Cn	3	複合族徽	󑆣子	󑆣子	󑆣子爵	
󑆧	U+D11A7	Cn	3	複合族徽	󑆧文	󑆧文	󑆧文爵	
󑆪	U+D11AA	Cn	3	複合族徽	󑆪豕	󑆪豕	󑆪豕爵	
󑆭	U+D11AD	Cn	3	複合族徽	󑆭豕	󑆭豕	󑆭豕爵	
󑆵	U+D11B5	Cn	3	複合族徽	何󑆵	何󑆵	󑆵何爵	
󑆽	U+D11BD	Cn	3	複合族徽	󑆽𬂤	󑆽𬂤	󑆽𬂤爵	
󑆾	U+D11BE	Cn	3	複合族徽	󑆾󑆿	󑆾󑆿	󑆾󑆿爵	
󑆿	U+D11BF	Cn	3	複合族徽	󑆾󑆿	󑆾󑆿	󑆾󑆿爵	
󑇋	U+D11CB	Cn	3	單一族徽	單一族徽第375組	單一族徽第375組	󑇋祖丙爵	
󑇔	U+D11D4	Cn	3	正文	乙	乙	󑇔父乙爵	
󑇮	U+D11EE	Cn	3	複合族徽	子󑇮爰	子󑇮爰	子󑇮爰爵	
󑇯	U+D11EF	Cn	3	複合族徽	子󑇯	子󑇯	子丁󑇯爵	
󑇷	U+D11F7	Cn	3	複合族徽	𪦾󑇷	𪦾󑇷	𪦾󑇷辛爵	
󑇻	U+D11FB	Cn	3	複合族徽	󐦋󑇻	󐦋󑇻	󐦋丁󑇻爵	
󑈒	U+D1212	Cn	3	複合族徽	󑈒𤰇	󑈒𤰇	箙󑈒父己爵	
󑈔	U+D1214	Cn	3	正文	󑈔	󑈔	史󑈔爵	
󑈞	U+D121E	Cn	3	單一族徽	單一族徽第414組	單一族徽第414組	󑈞丁祖乙角	
󑈪	U+D122A	Cn	3	複合族徽	󑈪回	󑈪回	󑈪回父丁爵	
󑈴	U+D1234	Cn	3	複合族徽	子󑈴	子󑈴	子󑈴父辛爵	
󑉏	U+D124F	Cn	3	複合族徽	𫳇󑉏	𫳇󑉏	亞𫳇父己󑉏爵	
󑉖	U+D1256	Cn	3	複合族徽	󑉖丩干	󑉖丩干	󑉖丩干祖辛爵	
󑉙	U+D1259	Cn	3	正文	󑉙	󑉙	󑉙爵	
󑉞	U+D125E	Cn	3	正文	󑉞	󑉞	󑉞爵	
󑉥	U+D1265	Cn	3	複合族徽	󑉥𢏂	󑉥𢏂	󑉥冊𢏂箕	
󑉻	U+D127B	Cn	3	單一族徽	單一族徽第451組	單一族徽第451組	󑉻觚	
󑊀	U+D1280	Cn	3	複合族徽	子󑊀	子󑊀	子󑊀爵	
󑊃	U+D1283	Cn	3	複合族徽	󑊃木	󑊃木	󑊃木爵	
󑊒	U+D1292	Cn	3	單一族徽	單一族徽第461組	單一族徽第461組	󑊒父乙方彝蓋	
󑋝	U+D12DD	Cn	3	複合族徽	子󑋝	子󑋝	子󑋝觚	
󑋞	U+D12DE	Cn	3	複合族徽	子󑋞	子󑋞	子󑋞 觚	
󑋤	U+D12E4	Cn	3	複合族徽	䀠󑋤	䀠󑋤	䀠󑋤觚	
󑍊	U+D134A	Cn	3	複合族徽	󑍊耳	󑍊耳	聑󑍊觚	
󑍎	U+D134E	Cn	3	複合族徽	󑍎戈	󑍎戈	󑍎戈觚	
󑍓	U+D1353	Cn	3	複合族徽	󑍓豩	󑍓豩	󑍓豩觚	
󑍘	U+D1358	Cn	3	複合族徽	󐦟󑍘	󐦟󑍘	󐦟󑍘觚	
󑍰	U+D1370	Cn	3	複合族徽	󑍰𫷻	󑍰𫷻	󑍰𫷻冊觚	
󑏉	U+D13C9	Cn	3	正文	󑏉	󑏉	婦󑏉觶	
󑏘	U+D13D8	Cn	3	複合族徽	耳󑏘	耳󑏘	聑󑏘觶	
󑐀	U+D1400	Cn	3	複合族徽	子󑐀	子󑐀	子󑐀父己觶	
󑐧	U+D1427	Cn	3	正文	肇	𢼄	󑐧觶	
󑐶	U+D1436	Cn	3	複合族徽	󑐶廌	󑐶廌	亞󑐶廌觶	
󑐸	U+D1438	Cn	3	正文	󑐸	󑐸	󑐸觶	
󑑧	U+D1467	Cn	3	複合族徽	󑑧󐤵	󑑧󐤵	亞󑑧󐤵斝	
󑑬	U+D146C	Cn	3	正文	󑑬	󑑬	󑑬斝	
󑒔	U+D1494	Cn	3	複合族徽	󑒔󐤛	󑒔󐤛	婦󑒔尊	
󑒝	U+D149D	Cn	3	複合族徽	󑒝󐳘	󑒝󐳘	󑒝󐳘尊	
󑒽	U+D14BD	Cn	3	正文	󑒽	󑒽	󑒽尊	
󑓀	U+D14C0	Cn	3	複合族徽	󑓀󐥑巂	󑓀󐥑巂	󑓀父辛尊	
󑓊	U+D14CA	Cn	3	正文	嬴	󑓊	嬴季卣蓋	
󑔻	U+D153B	Cn	3	正文	更	󑔻	盠尊	
󑕯	U+D156F	Cn	3	複合族徽	󑕯史子	󑕯史子	󑕯史子壺	
󑗖	U+D15D6	Cn	3	正文	穫	󑗖	左佐箴錐形器	
󑗡	U+D15E1	Cn	3	正文	醴	󑗡	曾伯陭壺	
󑗬	U+D15EC	Cn	3	正文	鈞	󑗬	匋姒盤	
󑙲	U+D1672	Cn	3	複合族徽	󑙲○	󑙲○	󑙲○祖己	
󑚉	U+D1689	Cn	3	複合族徽	󐧯󑚉	󐧯󑚉	󐧯󑚉卣蓋	
󑚔	U+D1694	Cn	3	正文	彝	󑚔	以向卣	
󑚚	U+D169A	Cn	3	正文	뷃	뷃	󑚚卣蓋	
󑚬	U+D16AC	Cn	3	正文	壬	壬	󑚬卣	
󑜁	U+D1701	Cn	3	正文	農	󑜁	農卣蓋	
󑜘	U+D1718	Cn	3	複合族徽	󑜘󑜙目	󑜘󑜙目	亞󑜘󑜙目卣蓋	
󑜙	U+D1719	Cn	3	複合族徽	󑜘󑜙目	󑜘󑜙目	亞󑜘󑜙目卣蓋	
󑜹	U+D1739	Cn	3	複合族徽	󑜹雨	󑜹雨	󑜹雨觥	
󑜼	U+D173C	Cn	3	正文	冊	冊	冊享󑜼器	
󑝨	U+D1768	Cn	3	複合族徽	󑝨子	󑝨子	󑝨子父丁罍蓋	
󑞌	U+D178C	Cn	3	複合族徽	戈󑞌	戈󑞌	戈󑞌瓿	
󑞖	U+D1796	Cn	3	正文	尊	󑞖	朋缶蓋	
󑞮	U+D17AE	Cn	3	正文	祈	󑞮	諻󑞭缶乙	
󑞽	U+D17BD	Cn	3	正文	󑞽	󑞽	炊伯󑞽盤	
󑟝	U+D17DD	Cn	3	正文	唯	唯	󑟝右盤	
󑟥	U+D17E5	Cn	3	正文	盥	󑟥	叔㝅匜	
󑠉	U+D1809	Cn	3	正文	封	󑠉	散氏盤	
󑠶	U+D1836	Cn	3	單一族徽	單一族徽第103組	單一族徽第103組	亞󑠶母盉	
󑡁	U+D1841	Cn	3	正文	󑡁	󑡁	󑡁盉	
󑡈	U+D1848	Cn	3	正文	𩒳	󑡈	毳盉	
󑡤	U+D1864	Cn	3	正文	匜	󑡤	蔡子󑡣匜	
󑡱	U+D1871	Cn	3	正文	番	番	番仲󑡱匜	
󑢈	U+D1888	Cn	3	正文	󑢈	󑢈	伯󑢈父匜	
󑢘	U+D1898	Cn	3	單一族徽	單一族徽第201組	單一族徽第201組	󑢘鐘甲	
󑢰	U+D18B0	Cn	3	正文	遣	󑢰	侯古堆鎛甲	
󑣀	U+D18C0	Cn	3	正文	汭	󑣀	者𣱼鎛	
󑣄	U+D18C4	Cn	3	正文	𬄜	󑣄	柞鐘丙	
󑣊	U+D18CA	Cn	3	正文	竽	󑣊	𪒠鎛乙	
󑣋	U+D18CB	Cn	3	正文	磬	󑣋	𪒠鎛乙	
󑣏	U+D18CF	Cn	3	正文	󑣏	󑣏	羕陵公戈	
󑣔	U+D18D4	Cn	3	正文	倝	󑣔	𠫑羌鐘甲	
󑣚	U+D18DA	Cn	3	正文	紳	󑣚	曾侯乙鐘二	
󑣥	U+D18E5	Cn	3	正文	遲	󑣥	曾侯乙鐘九	
󑣬	U+D18EC	Cn	3	正文	射	󑣬	曾侯乙鐘四十	
󑣶	U+D18F6	Cn	3	正文	甚	󑣶	甚六鎛	
󑣹	U+D18F9	Cn	3	正文	雝	󑣹	梁其鐘乙	
󑣿	U+D18FF	Cn	3	正文	德	󑣿	蔡侯申鎛丙	
󑤂	U+D1902	Cn	3	正文	釐	󑤂	者減鐘甲	
󑤊	U+D190A	Cn	3	正文	祖	󑤊	叔夷鐘一	
󑤗	U+D1917	Cn	3	正文	𩆜	󑤗	叔夷鐘五	
󑤮	U+D192E	Cn	3	正文	󑤮	󑤮	曾侯鐘	
󑤳	U+D1933	Cn	3	正文	殷	󑤳	曾侯與鐘Ⅰ乙	
󑤴	U+D1934	Cn	3	正文	定	󑤴	曾侯與鐘Ⅰ乙	
󑥓	U+D1953	Cn	3	正文	鎛	󑥓	曾侯子鎛甲	
󑥚	U+D195A	Cn	3	正文	均	󑥚	𪒠鎛甲	
󑥞	U+D195E	Cn	3	正文	祼	󑥞	郳公鎛	
󑦁	U+D1981	Cn	3	正文	筲	󑦁	燕客問量	
󑦩	U+D19A9	Cn	3	單一族徽	單一族徽第229組	單一族徽第229組	󑦩󐣱戈	
󑧠	U+D19E0	Cn	3	正文	󑧠	󑧠	󑧠伯戈	
󑧥	U+D19E5	Cn	3	正文	戟	󑧥	郛氏戟	
󑧨	U+D19E8	Cn	3	正文	戟	󑧨	曾侯𫵬戟	
󑧱	U+D19F1	Cn	3	正文	戟	󑧱	攻吳王戟	
󑧸	U+D19F8	Cn	3	正文	𢆶	󑧸	󑧸竝果戈	
󑧺	U+D19FA	Cn	3	正文	戟	󑧺	曾侯乙戟	
󑨰	U+D1A30	Cn	3	正文	丘	󑨰	雍丘令焌戈	
󑨻	U+D1A3B	Cn	3	正文	譙	󑨻	負黍令韓譙戈	
󑩘	U+D1A58	Cn	3	正文	󑩘	󑩘	安邑司寇󑩘戈	
󑩴	U+D1A74	Cn	3	正文	宋	宋	邢令吳󑩴戈	
󑪌	U+D1A8C	Cn	3	正文	教	󑪌	奅令均戈	
󑪙	U+D1A99	Cn	3	正文	󑪙	󑪙	󑪙戈	
󑪟	U+D1A9F	Cn	3	正文	󑪟	󑪟	陳󑪟子戈	
󑫑	U+D1AD1	Cn	3	正文	󑫑	󑫑	󑫑子紳父戈	
󑫗	U+D1AD7	Cn	3	正文	舊	쏢	外󑫗󑫘戈	
󑫘	U+D1AD8	Cn	3	正文	舊	쏢	外󑫗󑫘戈	
󑫪	U+D1AEA	Cn	3	正文	戟	󑫪	雍令韓匡戟刺	
󑫵	U+D1AF5	Cn	3	正文	󑫵	󑫵	󑫵睘矛	
󑫷	U+D1AF7	Cn	3	正文	下	󑫷	武都矛	
󑬎	U+D1B0E	Cn	3	正文	󑬎	󑬎	󑬎子劍	
󑬕	U+D1B15	Cn	3	正文	䣄	󑬕	攻吳王姑讎亓󑭅劍	
󑮶	U+D1BB6	Cn	3	正文	府	󑮶	中府鐓	
󑮷	U+D1BB7	Cn	3	正文	𫎢	󑮷	鄂君啓車節	
󑯚	U+D1BDA	Cn	3	正文	曲	󑯚	曾子倝鼎	
󑯩	U+D1BE9	Cn	3	正文	右	右	右△󑯩△圜器	
󑯮	U+D1BEE	Cn	3	正文	𬕲	󑯮	曾侯乙鐘架、挂件	
󑯯	U+D1BEF	Cn	3	正文	𬕲	󑯯	曾侯乙鐘架、挂件	
󑯰	U+D1BF0	Cn	3	正文	徵	󑯰	曾侯乙鐘架、挂件	
󑯹	U+D1BF9	Cn	3	複合族徽	󑯹󐤩	󑯹󐤩	󑯹󐤩器	
󑯿	U+D1BFF	Cn	3	複合族徽	尹󑯿첩	尹󑯿첩	尹󑯿첩器	
󑰂	U+D1C02	Cn	3	正文	󑰂	󑰂	乃子󑰂器	
󰌍	U+F030D	Co	3	正文	󰌍	󰌍	󰌍叔鼎	
󰌎	U+F030E	Co	3	正文	󰌎	󰌎	󰌎父鼎	
󰌒	U+F0312	Co	3	正文	󰌒	󰌒	保󰌒母器	
󰌛	U+F031B	Co	3	正文	肅	󰌛	胡鐘	
󰌞	U+F031E	Co	3	正文	󰌞	󰌞	󰌞叔簋	
󰌩	U+F0329	Co	3	複合族徽	󰌩天	󰌩天	󰌩天爵	
󰌬	U+F032C	Co	3	複合族徽	󰌬󰌭	󰌬󰌭	󰌬 󰌭父癸爵	
󰌭	U+F032D	Co	3	複合族徽	󰌬󰌭	󰌬󰌭	󰌬 󰌭父癸爵	
󰌸	U+F0338	Co	3	正文	󐖷	󐖷	曾󰌸尹喬缶	
񄱅	U+44C45	Cn	2	正文	񄱅	񄱅	相室趙翣鼎蓋	
񄺶	U+44EB6	Cn	2	正文	亟	񄺶	伯梁其盨丙蓋	
񄼷	U+44F37	Cn	2	正文	𬹨	񄼷	楚子戠咎鼎	
񅇾	U+451FE	Cn	2	正文	񅇾	񅇾	晉侯񅁓簋	
񅉨	U+45268	Cn	2	正文	񅉨	񅉨	朋叔壺蓋	
񅋤	U+452E4	Cn	2	正文	御	񅋤	因簋	
񅍕	U+45355	Cn	2	正文	(cid:19291)	񅍕	楚王媵(cid:19312)仲嬭加蓋	
񅍶	U+45376	Cn	2	正文	盌	񅍶	叔子㝅卮	
񅐝	U+4541D	Cn	2	正文	攸	攸	񅐝卣蓋	
񅕜	U+4555C	Cn	2	合文	少񅕜	少񅕜	񅅠厨鼎蓋	
񅞾	U+457BE	Cn	2	正文	񅞾	񅞾	󈪭子񅈝盞蓋	
񅣩	U+458E9	Cn	2	正文	񅣩	񅣩	束盉蓋	
񅣹	U+458F9	Cn	2	正文	񅣹	񅣹	應侯簋蓋	
񘷈	U+58DC8	Cn	2	正文	񘷈	񘷈	邿伯祀鼎	
󈦈	U+C8988	Cn	2	正文	稻	󈦈	單叔奐父盨	
󈩙	U+C8A59	Cn	2	正文	(cid:7428)	󈩙	㺇盨	
󐁌	U+D004C	Cn	2	複合族徽	󐁌史	󐁌史	史父己鼎	
󐁏	U+D004F	Cn	2	正文	誕	󐁏	毳卣	
󐂃	U+D0083	Cn	2	正文	追	󐂃	汗簋	
󐄴	U+D0134	Cn	2	正文	󐄴	󐄴	沈子它簋蓋	
󐇯	U+D01EF	Cn	2	正文	賓	󐇯	乃孫鼎	
󐊣	U+D02A3	Cn	2	單一族徽	單一族徽第469組	單一族徽第469組	󐊣父乙卣蓋	
󐋍	U+D02CD	Cn	2	正文	𣬕	󐋍	𤰇亞𫬲角	
󐌇	U+D0307	Cn	2	單一族徽	單一族徽第505組	單一族徽第505組	亞󐌇鼎	
󐍯	U+D036F	Cn	2	正文	󐍯	󐍯	叔󐵋父鼎	
󐎔	U+D0394	Cn	2	正文	󐎔	󐎔	宗人簋甲	
󐏄	U+D03C4	Cn	2	正文	素	󐏄	㺇盉	
󐏠	U+D03E0	Cn	2	正文	󐏠	󐏠	聽簋	
󐏵	U+D03F5	Cn	2	正文	󐏵	󐏵	大盂鼎	
󐐈	U+D0408	Cn	2	單一族徽	單一族徽第176組	單一族徽第176組	亞󐐈父鼎卣蓋	
󐐔	U+D0414	Cn	2	正文	范	󐐔	上范厨鼎	
󐐾	U+D043E	Cn	2	正文	寺	󐐾	曾侯乙鑒	
󐑩	U+D0469	Cn	2	正文	䀇	󐑩	鄀公簠	
󐑬	U+D046C	Cn	2	正文	䀇	󐑬	伯公父簠	
󐓉	U+D04C9	Cn	2	正文	󐓉	󐓉	𩰫比盨	
󐔁	U+D0501	Cn	2	正文	姒	󐔁	󑀛史簋甲	
󐔔	U+D0514	Cn	2	正文	󐔔	󐔔	裘衛盉	
󐔤	U+D0524	Cn	2	正文	𩆜	󐔤	鄭邢叔鐘	
󐔮	U+D052E	Cn	2	正文	𩂣	󐔮	󐔮人守鬲	
󐔲	U+D0532	Cn	2	正文	瀗	󐔲	散氏盤	
󐔴	U+D0534	Cn	2	正文	󐔴	󐔴	老簋	
󐕅	U+D0545	Cn	2	正文	姒	󐕅	雍姒簋	
󐕆	U+D0546	Cn	2	正文	󐕆	󐕆	散車父壺	
󐕈	U+D0548	Cn	2	正文	󐕈	󐕈	郾侯𨊦簋	
󐕡	U+D0561	Cn	2	正文	󐕡	󐕡	長甶盉	
󐕣	U+D0563	Cn	2	正文	󐕣	󐕣	長子盉	
󐕰	U+D0570	Cn	2	正文	棫	󐕰	󐕱簋	
󐕸	U+D0578	Cn	2	正文	󐕸	󐕸	楚王酓󐮩鼎	
󐖖	U+D0596	Cn	2	正文	󐖖	󐖖	鄂君啓車節	
󐖩	U+D05A9	Cn	2	正文	󐖩	󐖩	越邾莒盟辭鐘	
󐗶	U+D05F6	Cn	2	正文	󐗶	󐗶	陳璋圓壺	
󐘾	U+D063E	Cn	2	正文	󐘾	󐘾	新城大令韓定戈	
󐛨	U+D06E8	Cn	2	正文	敄	敄	敄󐛨盉	
󐠑	U+D0811	Cn	2	正文	󐠑	󐠑	洹子孟姜壺甲	
󐢡	U+D08A1	Cn	2	正文	󐢡	󐢡	裘衛盉	
󐣯	U+D08EF	Cn	2	單一族徽	單一族徽第227組	單一族徽第227組	󐣯冊方彝蓋	
󐣻	U+D08FB	Cn	2	單一族徽	單一族徽第233組	單一族徽第233組	亞󐣻父乙罍蓋	
󐤑	U+D0911	Cn	2	單一族徽	單一族徽第243組	單一族徽第243組	󐤑鼎	
󐤖	U+D0916	Cn	2	單一族徽	單一族徽第248組	單一族徽第248組	󐤖鼎	
󐤞	U+D091E	Cn	2	複合族徽	卝󐤞	卝󐤞	卝求爵	
󐤤	U+D0924	Cn	2	單一族徽	單一族徽第258組	單一族徽第258組	󐤤鼎	
󐥜	U+D095C	Cn	2	複合族徽	󐥜󐍎	󐥜󐍎	齒󐍎鼎	
󐥦	U+D0966	Cn	2	正文	沐	󐥦	󐥦鼎	
󐥬	U+D096C	Cn	2	正文	󐥬	󐥬	左右簋	
󐦍	U+D098D	Cn	2	複合族徽	子󐦋󐦍	子󐦋󐦍	子󐦋鼎	
󐦓	U+D0993	Cn	2	複合族徽	萈󐦔耒	萈󐦔耒	󐦓󐦔力鼎	
󐦞	U+D099E	Cn	2	正文	從	󐠈	󐦞作從鼎	
󐦬	U+D09AC	Cn	2	單一族徽	單一族徽第352組	單一族徽第352組	󐦬父辛爵	
󐧡	U+D09E1	Cn	2	正文	𬹦	󐧡	克黃鼎	
󐧧	U+D09E7	Cn	2	正文	󐧧	󐧧	王蔑鼎	
󐨘	U+D0A18	Cn	2	複合族徽	󐀀󐨘𬌺	󐀀󐨘𬌺	𬌺鼎	
󐩀	U+D0A40	Cn	2	正文	󐩀	󐩀	𬤾父鼎	
󐩊	U+D0A4A	Cn	2	正文	𬹦	󐩊	蒍子受鼎	
󐩦	U+D0A66	Cn	2	正文	敶	󐩦	㝬侯之孫敶鼎	
󐪏	U+D0A8F	Cn	2	正文	󐚉	󐪏	楚叔之孫朋鼎蓋	
󐪗	U+D0A97	Cn	2	正文	監	監	󐪗監引鼎	
󐪢	U+D0AA2	Cn	2	正文	󐪢	󐪢	甚鼎	
󐫌	U+D0ACC	Cn	2	正文	𫭑	𫭑	𫭑󐫌鼎	
󐫠	U+D0AE0	Cn	2	正文	齍	󐫠	方𢦚各鼎	
󐫡	U+D0AE1	Cn	2	正文	󐫡	󐫡	靜叔鼎	
󐬯	U+D0B2F	Cn	2	正文	󐬯	󐬯	孟員鼎	
󐬳	U+D0B33	Cn	2	正文	󐬳	󐬳	伯氏始氏鼎	
󐭂	U+D0B42	Cn	2	正文	業	󐭂	昶伯業鼎	
󐭚	U+D0B5A	Cn	2	正文	䳑	󐭚	鄧小仲鼎	
󐭢	U+D0B62	Cn	2	正文	󐭢	󐭢	工𥮐鼎	
󐭨	U+D0B68	Cn	2	正文	󐭨	󐭨	辛鼎	
󐭪	U+D0B6A	Cn	2	正文	󐭪	󐭪	士上盉	
󐭲	U+D0B72	Cn	2	單一族徽	單一族徽第901組	單一族徽第901組	亞󐭲父辛盉	
󐭹	U+D0B79	Cn	2	正文	󐭹	󐭹	史叀鼎	
󐮒	U+D0B92	Cn	2	正文	󐮒	󐮒	寓鼎	
󐮮	U+D0BAE	Cn	2	正文	󐮮	󐮮	𫮩鼎	
󐮳	U+D0BB3	Cn	2	正文	󐮳	󐮳	雍鼎	
󐮶	U+D0BB6	Cn	2	正文	䋣	󐮶	蔡太師䑂鼎	
󐯄	U+D0BC4	Cn	2	正文	𨻲	󐯄	中鼎	
󐯈	U+D0BC8	Cn	2	正文	󐯈	󐯈	荊子鼎	
󐯍	U+D0BCD	Cn	2	正文	󐯍	󐯍	春平相邦葛得鼎	
󐯎	U+D0BCE	Cn	2	正文	󐯎	󐯎	春平相邦葛得鼎	
󐯚	U+D0BDA	Cn	2	正文	𩰤	󐯚	呂鼎	
󐯟	U+D0BDF	Cn	2	正文	沐	󐯟	徐賚尹朁鼎	
󐯵	U+D0BF5	Cn	2	正文	琮	󐯵	作冊󰈀卣	
󐯹	U+D0BF9	Cn	2	正文	󐯹	󐯹	亢鼎	
󐯺	U+D0BFA	Cn	2	正文	󐯺	󐯺	亢鼎	
󐯼	U+D0BFC	Cn	2	正文	觴	󐯼	史獸鼎	
󐰀	U+D0C00	Cn	2	正文	󐰀	󐰀	垣伯豐鼎	
󐰎	U+D0C0E	Cn	2	正文	𫼆	󐰎	應侯簋蓋	
󐰖	U+D0C16	Cn	2	正文	󐰖	󐰖	任鼎	
󐰗	U+D0C17	Cn	2	正文	󐰗	󐰗	任鼎	
󐰚	U+D0C1A	Cn	2	正文	䢱	󐰚	史(cid:19668)鼎	
󐰣	U+D0C23	Cn	2	正文	襮	󐰣	󐕱鼎	
󐰤	U+D0C24	Cn	2	正文	䘳	󐰤	󐕱鼎	
󐱚	U+D0C5A	Cn	2	正文	󐱚	󐱚	師𩛥鼎	
󐱡	U+D0C61	Cn	2	正文	億	󐱡	晉侯󐼠簋	
󐱥	U+D0C65	Cn	2	正文	󐱥	󐱥	五祀衛鼎	
󐱨	U+D0C68	Cn	2	正文	󐱨	󐱨	五祀衛鼎	
󐱩	U+D0C69	Cn	2	正文	召	󐱩	禹鼎	
󐱵	U+D0C75	Cn	2	正文	忱	󐱵	卌二年逑鼎甲	
󐲇	U+D0C87	Cn	2	正文	󐲇	󐲇	大克鼎	
󐲒	U+D0C92	Cn	2	正文	󐲒	󐲒	曶鼎	
󐲓	U+D0C93	Cn	2	正文	󐲓	󐲓	曶鼎	
󐲔	U+D0C94	Cn	2	正文	許	󐲔	曶鼎	
󐲜	U+D0C9C	Cn	2	正文	󐲜	󐲜	曶鼎	
󐲤	U+D0CA4	Cn	2	正文	祼	󐲤	榮簋	
󐲹	U+D0CB9	Cn	2	正文	󐲹	󐲹	中山王󐑍鼎	
󐲽	U+D0CBD	Cn	2	正文	復	󐲽	曾侯與鐘Ⅰ甲	
󐳃	U+D0CC3	Cn	2	正文	󐳃	󐳃	毛公鼎	
󐳳	U+D0CF3	Cn	2	正文	選	󐳳	曾子伯選壺	
󐳶	U+D0CF6	Cn	2	正文	斁	󐳶	曾子󐳶鼎	
󐳸	U+D0CF8	Cn	2	正文	󐳸	󐳸	鄭遣伯󐳷鼎	
󐴃	U+D0D03	Cn	2	正文	󐴃	󐴃	𬐢伯鼎	
󐴊	U+D0D0A	Cn	2	正文	鐈	󐴊	皇㝅鼎蓋	
󐵅	U+D0D45	Cn	2	正文	匊	匊	仲󐵅父鼎	
󐵈	U+D0D48	Cn	2	正文	宴	󐵈	仲宴父鼎	
󐵌	U+D0D4C	Cn	2	正文	󐵌	󐵌	邢丘令鼎	
󐵝	U+D0D5D	Cn	2	正文	󐵝	󐵝	居𲅻𠭯鼎	
󐵱	U+D0D71	Cn	2	正文	󐵱	󐵱	大鬲	
󐶇	U+D0D87	Cn	2	正文	󐶇	󐶇	牧臣簠乙蓋	
󐶉	U+D0D89	Cn	2	正文	雔	雔	呂雔󐶉鬲	
󐶕	U+D0D95	Cn	2	正文	󐶕	󐶕	邿季鬲	
󐶘	U+D0D98	Cn	2	正文	鑄	󐶘	王人󐷩輔甗	
󐶠	U+D0DA0	Cn	2	正文	󐶡	󐶡	󐶠先父鬲	
󐶡	U+D0DA1	Cn	2	正文	󐶡	󐶡	󐶠先父鬲	
󐷴	U+D0DF4	Cn	2	正文	󐷴	󐷴	王孫叔𧬼甗	
󐷺	U+D0DFA	Cn	2	正文	󐷺	󐷺	中甗	
󐸅	U+D0E05	Cn	2	正文	󐸅	󐸅	芮伯甗	
󐸉	U+D0E09	Cn	2	單一族徽	單一族徽第401組	單一族徽第401組	󐸉簋	
󐸑	U+D0E11	Cn	2	單一族徽	單一族徽第407組	單一族徽第407組	󐸑簋	
󐸒	U+D0E12	Cn	2	單一族徽	單一族徽第408.1組	單一族徽第408.1組	󐸒簋	
󐸖	U+D0E16	Cn	2	單一族徽	單一族徽第411組	單一族徽第411組	󐸖簋	
󐹚	U+D0E5A	Cn	2	正文	𩞑	󐹚	新󐹙簋	
󐹭	U+D0E6D	Cn	2	複合族徽	󐹭󐹮	󐹭󐹮	作父己簋	
󐹮	U+D0E6E	Cn	2	複合族徽	󐹭󐹮	󐹭󐹮	作父己簋	
󐹯	U+D0E6F	Cn	2	正文	𩛥	󐹯	楊伯簋	
󐺃	U+D0E83	Cn	2	單一族徽	單一族徽第456組	單一族徽第456組	󐺃父己盉	
󐺌	U+D0E8C	Cn	2	正文	󐺌	󐺌	義伯簋	
󐺮	U+D0EAE	Cn	2	正文	󐺮	󐺮	告田祖乙簋	
󐺲	U+D0EB2	Cn	2	正文	彝	𬯧	󐺲簋	
󐻈	U+D0EC8	Cn	2	正文	巒	󐻈	伯󐻇簋	
󐻡	U+D0EE1	Cn	2	正文	賞	󐻡	攸簋	
󐻩	U+D0EE9	Cn	2	正文	寶	󐻩	量侯𧆯簋	
󐻿	U+D0EFF	Cn	2	正文	辰	󐻿	伯中父簋	
󐼀	U+D0F00	Cn	2	正文	走	󐼀	伯中父簋	
󐼂	U+D0F02	Cn	2	正文	旨	󐼂	征簋	
󐼅	U+D0F05	Cn	2	正文	寶	󐼅	󐼄簋	
󐼓	U+D0F13	Cn	2	正文	󐼓	󐼓	鄧公簋蓋	
󐼙	U+D0F19	Cn	2	正文	󐼙	󐼙	黃君簋蓋	
󐼫	U+D0F2B	Cn	2	正文	󐼫	󐼫	伯󐕱簋	
󐼿	U+D0F3F	Cn	2	正文	󐼿	󐼿	𨟭侯少子簋	
󐽇	U+D0F47	Cn	2	正文	𩞑	󐽇	伯康簋	
󐽗	U+D0F57	Cn	2	正文	󐽗	󐽗	𪧧叔簋	
󐽽	U+D0F7D	Cn	2	正文	󐽽	󐽽	邢侯簋	
󐾂	U+D0F82	Cn	2	正文	世	󐾂	㺇簋蓋	
󐾅	U+D0F85	Cn	2	正文	󐾅	󐾅	臣諫簋	
󐾇	U+D0F87	Cn	2	正文	遄	󐾇	𧧬簋蓋	
󐾎	U+D0F8E	Cn	2	正文	鉤	󐾎	七年師兌簋蓋	
󐾩	U+D0FA9	Cn	2	正文	󐾩	󐾩	師俞簋蓋	
󐾷	U+D0FB7	Cn	2	正文	񈅈	󐾷	揚簋	
󐿀	U+D0FC0	Cn	2	正文	󐧝	󐿀	𡩡諆爵	
󐿌	U+D0FCC	Cn	2	正文	雝	󐿌	㝬簋	
󐿓	U+D0FD3	Cn	2	正文	奔	󐿓	󐕱簋蓋	
󐿕	U+D0FD5	Cn	2	正文	競	󐿕	󐕱簋蓋	
󐿙	U+D0FD9	Cn	2	正文	盾	󐿙	󐕱簋	
󐿪	U+D0FEA	Cn	2	正文	󐿪	󐿪	沈子它簋蓋	
󐿲	U+D0FF2	Cn	2	正文	󐿲	󐿲	卯簋蓋	
󐿸	U+D0FF8	Cn	2	正文	󐿸	󐿸	班簋	
󐿾	U+D0FFE	Cn	2	正文	󐿾	󐿾	牧簋	
󑀂	U+D1002	Cn	2	正文	𠦒	𠦒	󑀂簋蓋	
󑀎	U+D100E	Cn	2	正文	帶	󑀎	叔帶父簋蓋	
󑀜	U+D101C	Cn	2	正文	卯	󑀜	󑀛史簋甲	
󑁄	U+D1044	Cn	2	正文	簋	簋	生󑁄君厲州慶簋蓋	
󑁋	U+D104B	Cn	2	正文	𩰤	󑁋	曶壺蓋	
󑁝	U+D105D	Cn	2	正文	寶	󑁝	遟盨蓋	
󑁡	U+D1061	Cn	2	正文	顯	󑁡	應侯爯盨	
󑁨	U+D1068	Cn	2	正文	追	󑁨	魯伯悆盨蓋	
󑁮	U+D106E	Cn	2	正文	󑁮	󑁮	豳公盨	
󑁳	U+D1073	Cn	2	正文	󑁳	󑁳	豳公盨	
󑁷	U+D1077	Cn	2	正文	󑁷	󑁷	𩰫比盨	
󑁾	U+D107E	Cn	2	正文	畫	󑁾	𫮩盨	
󑁿	U+D107F	Cn	2	正文	寶	󑁿	遣盄父盨	
󑂄	U+D1084	Cn	2	正文	鑄	󐭍	朋伯󑂄盨甲	
󑂐	U+D1090	Cn	2	正文	辭	󑂐	大司馬孛述簠	
󑂞	U+D109E	Cn	2	正文	󑂞	󑂞	虢仲簠	
󑃂	U+D10C2	Cn	2	正文	慎	󑃂	曾伯󐔦簠蓋	
󑃃	U+D10C3	Cn	2	正文	䋣	󑃃	曾伯󐔦簠蓋	
󑃋	U+D10CB	Cn	2	正文	寶	󑃋	公子侯簠	
󑃐	U+D10D0	Cn	2	正文	觴	󑃐	曾伯克父簠甲	
󑃤	U+D10E4	Cn	2	正文	荊	󑃤	荊公孫敦	
󑃦	U+D10E6	Cn	2	正文	敦	󑃦	荊公孫敦	
󑃬	U+D10EC	Cn	2	正文	䋣	𫧅	󑃬子󑃯卮	
󑃯	U+D10EF	Cn	2	正文	䋣	𫧅	󑃬子󑃯卮	
󑃸	U+D10F8	Cn	2	正文	󑃸	󑃸	陳侯因𬁼敦	
󑄆	U+D1106	Cn	2	正文	𪦧	𪦧	󑄆公鋪	
󑄇	U+D1107	Cn	2	正文	󑄇	󑄇	上官豆	
󑄗	U+D1117	Cn	2	正文	󑄗	󑄗	宜桐盂	
󑄪	U+D112A	Cn	2	正文	哀	󑄪	晉公盆	
󑄴	U+D1134	Cn	2	正文	盆	󑄴	仲阪父盆蓋	
󑄻	U+D113B	Cn	2	正文	蚩	󑄻	魚鼎匕	
󑅗	U+D1157	Cn	2	單一族徽	單一族徽第283組	單一族徽第283組	󑅗爵	
󑅴	U+D1174	Cn	2	單一族徽	單一族徽第309組	單一族徽第309組	󑅴爵	
󑅵	U+D1175	Cn	2	單一族徽	單一族徽第310組	單一族徽第310組	󑅵爵	
󑆀	U+D1180	Cn	2	複合族徽	󐔹󑆀	󐔹󑆀	󐔹寢爵	
󑆕	U+D1195	Cn	2	單一族徽	單一族徽第332組	單一族徽第332組	(cid:4003)󑆕爵	
󑆨	U+D11A8	Cn	2	單一族徽	單一族徽第347組	單一族徽第347組	󑆨父己爵	
󑇎	U+D11CE	Cn	2	單一族徽	單一族徽第377組	單一族徽第377組	󑇎祖辛爵	
󑇒	U+D11D2	Cn	2	單一族徽	單一族徽第380組	單一族徽第380組	󑇒父癸壺蓋	
󑇓	U+D11D3	Cn	2	單一族徽	單一族徽第381組	單一族徽第381組	󑇓父乙爵	
󑇪	U+D11EA	Cn	2	正文	曾	𬎿	曾󑇪中爵	
󑈁	U+D1201	Cn	2	單一族徽	單一族徽第394組	單一族徽第394組	󑈁祖己爵	
󑈄	U+D1204	Cn	2	單一族徽	單一族徽第397組	單一族徽第397組	󑈄尊	
󑊟	U+D129F	Cn	2	單一族徽	單一族徽第466組	單一族徽第466組	󑊟觚	
󑊺	U+D12BA	Cn	2	單一族徽	單一族徽第488組	單一族徽第488組	󑊺乙觚	
󑍟	U+D135F	Cn	2	單一族徽	單一族徽第517組	單一族徽第517組	󑍟父乙觚	
󑎦	U+D13A6	Cn	2	正文	辟	辟	󑎦婦觚	
󑎽	U+D13BD	Cn	2	單一族徽	單一族徽第261組	單一族徽第261組	犬󐤧󑜵󑎽	
󑏲	U+D13F2	Cn	2	單一族徽	單一族徽第542組	單一族徽第542組	󑏲觶	
󑏽	U+D13FD	Cn	2	單一族徽	單一族徽第232組	單一族徽第232組	󐣹父丁󑏽��	
󑏾	U+D13FE	Cn	2	複合族徽	󑏾弜	󑏾弜	冊弜父丁觶	
󑐓	U+D1413	Cn	2	正文	彝	彝	亙*󑐓觶	
󑒨	U+D14A8	Cn	2	正文	壬	壬	󑒨父壬尊	
󑒿	U+D14BF	Cn	2	正文	甫	甫	季甫󑒿父乙尊	
󑓺	U+D14FA	Cn	2	正文	𪫀	󑓺	𪫀方彝	
󑔇	U+D1507	Cn	2	正文	󑔇	󑔇	鳴士卿尊	
󑔎	U+D150E	Cn	2	正文	󑔎	󑔎	京師畯尊	
󑔕	U+D1515	Cn	2	正文	󑔕	󑔕	楚君酓元尊	
󑔖	U+D1516	Cn	2	正文	󑔖	󑔖	楚君酓元尊	
󑔩	U+D1529	Cn	2	正文	󑔩	󑔩	姒丁尊	
󑕄	U+D1544	Cn	2	正文	寢	󑕄	琱生尊	
󑕙	U+D1559	Cn	2	正文	󑕙	󑕙	󐿝尊	
󑕥	U+D1565	Cn	2	正文	󑕥	󑕥	壽䍙尊	
󑕪	U+D156A	Cn	2	複合族徽	󑕪商	󑕪商	盟商壺	
󑕭	U+D156D	Cn	2	正文	鄰	󑕭	󑕭陽壺	
󑕮	U+D156E	Cn	2	正文	訓	󑕮	余󑕮壺	
󑕾	U+D157E	Cn	2	正文	󑕾	󑕾	公子㝨壺	
󑖋	U+D158B	Cn	2	正文	嗌	𠯍	󑖋嗌壺	
󑖲	U+D15B2	Cn	2	正文	󑖲	󑖲	芮太子白壺	
󑖶	U+D15B6	Cn	2	正文	󑖶	󑖶	散氏車父壺	
󑗃	U+D15C3	Cn	2	正文	󑗃	󑗃	十二年左使車壺	
󑗇	U+D15C7	Cn	2	正文	󑗇	󑗇	荀侯戈	
󑗉	U+D15C9	Cn	2	正文	󑗉	󑗉	陳喜壺	
󑗑	U+D15D1	Cn	2	正文	󑗑	󑗑	燕王職壺	
󑗔	U+D15D4	Cn	2	正文	踐	󑗔	燕王職矛	
󑗜	U+D15DC	Cn	2	正文	吾	󑗜	曾姬無恤壺乙	
󑗞	U+D15DE	Cn	2	正文	匹	󑗞	曾姬無恤壺乙	
󑗟	U+D15DF	Cn	2	正文	戴	󑗟	曾姬無恤壺乙	
󑗨	U+D15E8	Cn	2	正文	󑗨	󑗨	事季良父壺蓋	
󑗩	U+D15E9	Cn	2	正文	禋	󑗩	史墻盤	
󑗪	U+D15EA	Cn	2	正文	嘽	󑗪	令狐君孺子壺	
󑗯	U+D15EF	Cn	2	正文	秋	󑗯	與兵壺蓋	
󑗳	U+D15F3	Cn	2	正文	釐	󑗳	庚壺	
󑘏	U+D160F	Cn	2	正文	載	󑘏	中山王󐑍壺	
󑘖	U+D1616	Cn	2	正文	󑘖	󑘖	中山王󐑍壺	
󑘗	U+D1617	Cn	2	正文	顧	󑘗	中山王󐑍壺	
󑘩	U+D1629	Cn	2	正文	󑘩	󑘩	武平車府鈁蓋	
󑘪	U+D162A	Cn	2	正文	󑘪	󑘪	滕大司馬友壺	
󑘬	U+D162C	Cn	2	正文	尚	尚	黎大司工尚󑘬壺	
󑘯	U+D162F	Cn	2	正文	耇	耈	󑘯子󑯎耇四筒器	
󑘰	U+D1630	Cn	2	單一族徽	單一族徽第418組	單一族徽第418組	󑘰卣	
󑙆	U+D1646	Cn	2	單一族徽	單一族徽第431組	單一族徽第431組	󑙆卣	
󑙌	U+D164C	Cn	2	單一族徽	單一族徽第434組	單一族徽第434組	󑙌己卣	
󑙖	U+D1656	Cn	2	單一族徽	單一族徽第436組	單一族徽第436組	󑙖󑙗卣	
󑙗	U+D1657	Cn	2	單一族徽	單一族徽第436組	單一族徽第436組	󑙖󑙗卣	
󑙚	U+D165A	Cn	2	單一族徽	單一族徽第255組	單一族徽第255組	󐤡󑙚卣蓋	
󑙟	U+D165F	Cn	2	單一族徽	單一族徽第439組	單一族徽第439組	󑙟祖戊卣蓋	
󑙣	U+D1663	Cn	2	單一族徽	單一族徽第441組	單一族徽第441組	󑙣父乙卣蓋	
󑙨	U+D1668	Cn	2	單一族徽	單一族徽第444組	單一族徽第444組	󑙨父癸卣蓋	
󑙹	U+D1679	Cn	2	正文	󑀨	󑀨	母󑀨󑙹帚方彝蓋	
󑙿	U+D167F	Cn	2	單一族徽	單一族徽第454組	單一族徽第454組	󑙿祖己父辛卣	
󑚽	U+D16BD	Cn	2	單一族徽	單一族徽第490組	單一族徽第490組	󑚽卣蓋	
󑛅	U+D16C5	Cn	2	正文	朋	朋	𪧋卣蓋󑛅卣蓋）	
󑛕	U+D16D5	Cn	2	正文	縈	󑛕	縈叔卣	
󑛪	U+D16EA	Cn	2	正文	祼	󑛪	𠭰卣	
󑛳	U+D16F3	Cn	2	正文	福	󑛳	周乎卣	
󑜀	U+D1700	Cn	2	正文	󑜀	󑜀	農卣蓋	
󑜕	U+D1715	Cn	2	正文	󑜕	󑜕	肅卣	
󑜮	U+D172E	Cn	2	正文	鈴	󑜮	戍鈴方彝	
󑜵	U+D1735	Cn	2	單一族徽	單一族徽第261組	單一族徽第261組	犬󐤧󑜵󑎽	
󑝖	U+D1756	Cn	2	單一族徽	單一族徽第514組	單一族徽第514組	󑝖罍蓋	
󑞃	U+D1783	Cn	2	正文	櫑	󑞃	乃孫󑞂罍	
󑞇	U+D1787	Cn	2	正文	󑞇	󑞇	克盉蓋	
󑞎	U+D178E	Cn	2	正文	夏	󑞎	伯夏父𦉢	
󑞥	U+D17A5	Cn	2	正文	缶	󑞥	欒書缶	
󑞧	U+D17A7	Cn	2	正文	󑞧	󑞧	欒書缶	
󑞨	U+D17A8	Cn	2	正文	喬	󑞨	曾󰌸尹喬缶	
󑞫	U+D17AB	Cn	2	正文	󑞫	󑞫	黃子婁缶乙	
󑞵	U+D17B5	Cn	2	正文	斗	󑞵	曾工尹喬匜	
󑟃	U+D17C3	Cn	2	正文	槃	󑟃	仲姞盤	
󑟄	U+D17C4	Cn	2	正文	麥	麥	麥󑟄盤	
󑟕	U+D17D5	Cn	2	正文	𩒳	󑟕	薛侯盤	
󑟩	U+D17E9	Cn	2	正文	󑟩	󑟩	寏盤	
󑟳	U+D17F3	Cn	2	正文	威	󑟳	蔡侯𱱆盤	
󑟷	U+D17F7	Cn	2	正文	𫼆	󑟷	兮甲盤	
󑟻	U+D17FB	Cn	2	正文	󑟻	󑟻	史墻盤	
󑠄	U+D1804	Cn	2	正文	戴	󑠄	史墻盤	
󑠋	U+D180B	Cn	2	正文	󑠋	󑠋	散氏盤	
󑠌	U+D180C	Cn	2	正文	󑠌	󑠌	散氏盤	
󑠏	U+D180F	Cn	2	正文	󑠏	󑠏	散氏盤	
󑠑	U+D1811	Cn	2	正文	󑠑	󑠑	散氏盤	
󑠕	U+D1815	Cn	2	正文	󑠕	󑠕	逑盤	
󑠖	U+D1816	Cn	2	正文	󑠖	󑠖	逑盤	
󑠚	U+D181A	Cn	2	正文	󑠚	󑠚	克盤	
󑠛	U+D181B	Cn	2	正文	盉	󑠛	伯墉父盉	
󑠝	U+D181D	Cn	2	正文	󑠝	󑠝	𡡐盤	
󑠤	U+D1824	Cn	2	正文	󑠤	󑠤	(cid:6929)公盤	
󑠪	U+D182A	Cn	2	正文	旅	󑠪	鄝子厚盤	
󑠭	U+D182D	Cn	2	正文	󑠭	󑠭	霸姬盤	
󑠸	U+D1838	Cn	2	正文	盉	󑠸	途盉	
󑡏	U+D184F	Cn	2	正文	絞	󑡏	長子盉	
󑡓	U+D1853	Cn	2	正文	󑡓	󑡓	裘衛盉	
󑡔	U+D1854	Cn	2	正文	󑡔	󑡔	裘衛盉	
󑡙	U+D1859	Cn	2	正文	󑡙	󑡙	仲䀏人盉	
󑡟	U+D185F	Cn	2	正文	匜	󑡟	虖𫩞丘堂匜	
󑡪	U+D186A	Cn	2	正文	行	行	󑡪子匜	
󑡬	U+D186C	Cn	2	正文	(cid:6910)	(cid:6910)	(cid:6910)伯󑡬匜	
󑡴	U+D1874	Cn	2	正文	󑡴	󑡴	叔良父匜	
󑡹	U+D1879	Cn	2	正文	󑡹	󑡹	仲白匜	
󑡺	U+D187A	Cn	2	正文	󑡺	󑡺	陳子匜	
󑡻	U+D187B	Cn	2	正文	󑡻	󑡻	蔡侯匜	
󑡿	U+D187F	Cn	2	正文	孚	󑡿	𠑇匜	
󑢅	U+D1885	Cn	2	正文	󑢅	󑢅	下鄀唐公妝匜	
󑢊	U+D188A	Cn	2	正文	󑢊	󑢊	󑢉匜	
󑢛	U+D189B	Cn	2	正文	荊	󑢛	荊曆鐘	
󑢡	U+D18A1	Cn	2	正文	󑢡	󑢡	奇字鐘	
󑢨	U+D18A8	Cn	2	正文	󑢨	󑢨	戎生鐘甲	
󑢬	U+D18AC	Cn	2	正文	󑢬	󑢬	戎生鐘庚	
󑢯	U+D18AF	Cn	2	正文	兼	󑢯	鄱子成周鐘丙	
󑢲	U+D18B2	Cn	2	正文	樂	󑢲	虘鐘	
󑢷	U+D18B7	Cn	2	正文	履	󑢷	邢叔釆鐘	
󑣉	U+D18C9	Cn	2	正文	磬	󑣉	𪒠鐘己	
󑣜	U+D18DC	Cn	2	正文	歸	󑣜	曾侯乙鐘二	
󑣧	U+D18E7	Cn	2	正文	歸	󑣧	曾侯乙鐘十一	
󑣰	U+D18F0	Cn	2	正文	禽	󑣰	楚公逆鐘	
󑤉	U+D1909	Cn	2	正文	涶	󑤉	叔夷鐘一	
󑤖	U+D1916	Cn	2	正文	貫	󑤖	叔夷鐘五	
󑤤	U+D1924	Cn	2	正文	󑤤	󑤤	𤼈鐘戊	
󑤨	U+D1928	Cn	2	正文	倝	󑤨	王孫遺者鐘	
󑤩	U+D1929	Cn	2	正文	󑤩	󑤩	鄂君啓車節	
󑤬	U+D192C	Cn	2	正文	󑤬	󑤬	胡鐘	
󑤶	U+D1936	Cn	2	正文	營	󑤶	曾侯與鐘Ⅰ乙	
󑤸	U+D1938	Cn	2	正文	臨	󑤸	曾侯與鐘Ⅰ乙	
󑤹	U+D1939	Cn	2	正文	夏	󑤹	曾侯與鐘Ⅰ乙	
󑤽	U+D193D	Cn	2	正文	壯	󑤽	曾侯與鐘Ⅰ甲	
󑥅	U+D1945	Cn	2	正文	鼓	󑥅	曾侯與鐘Ⅱ丁	
󑥆	U+D1946	Cn	2	正文	󑥆	󑥆	曾侯與鐘Ⅱ丙	
󑥊	U+D194A	Cn	2	正文	󑥊	󑥊	嬭加鐘乙	
󑥍	U+D194D	Cn	2	正文	󑥍	󑥍	嬭加鐘乙	
󑥒	U+D1952	Cn	2	正文	󑥒	󑥒	留鎛	
󑥔	U+D1954	Cn	2	正文	祖	󑥔	司馬楙鎛丁	
󑥿	U+D197F	Cn	2	正文	󑥿	󑥿	臺君鉦鋮	
󑦅	U+D1985	Cn	2	單一族徽	單一族徽第321組	單一族徽第321組	󑦅戈	
󑦘	U+D1998	Cn	2	單一族徽	單一族徽第334組	單一族徽第334組	󑦘戈	
󑦪	U+D19AA	Cn	2	單一族徽	單一族徽第350組	單一族徽第350組	󑦪󑦫戈	
󑦫	U+D19AB	Cn	2	單一族徽	單一族徽第350組	單一族徽第350組	󑦪󑦫戈	
󑦱	U+D19B1	Cn	2	正文	󐾨	󑦱	長沙戈	
󑦲	U+D19B2	Cn	2	正文	󑦲	󑦲	𢠸狐戈	
󑦽	U+D19BD	Cn	2	複合族徽	󑦽󑦾	󑦽󑦾	皿戟	
󑦾	U+D19BE	Cn	2	複合族徽	󑦽󑦾	󑦽󑦾	皿戟	
󑧊	U+D19CA	Cn	2	正文	造	󑧊	媿戈	
󑧜	U+D19DC	Cn	2	正文	󑧜	󑧜	息公戈	
󑧝	U+D19DD	Cn	2	正文	廛	󑧝	廛克吹釐戈	
󑧧	U+D19E7	Cn	2	正文	造	󑧧	滕侯昃戟	
󑧳	U+D19F3	Cn	2	正文	𧻚	𬨤	敖󑧳戈	
󑧾	U+D19FE	Cn	2	正文	󐳾	󑧾	楚王孫󑧾戈	
󑨌	U+D1A0C	Cn	2	正文	豎	󑨌	𬩸陰令萬為戈	
󑨐	U+D1A10	Cn	2	正文	郭	󑨐	󑨏郭公子嘼戈	
󑨪	U+D1A2A	Cn	2	正文	󑨪	󑨪	蒲子戈	
󑨯	U+D1A2F	Cn	2	正文	󑨯	󑨯	馬雍令事吳戈	
󑨲	U+D1A32	Cn	2	正文	󑨲	󑨲	臨汾守戈	
󑨳	U+D1A33	Cn	2	正文	󑨳	󑨳	郚令垠戈	
󑨷	U+D1A37	Cn	2	正文	󑨷	󑨷	得臣戈	
󑨾	U+D1A3E	Cn	2	正文	󑨾	󑨾	陽春嗇夫維戈	
󑩅	U+D1A45	Cn	2	正文	󑩅	󑩅	趙敍戈	
󑩈	U+D1A48	Cn	2	正文	󑩈	󑩈	高奴蓸令壯罌戈	
󑩊	U+D1A4A	Cn	2	正文	󑩊	󑩊	大梁司寇綬戈	
󑩍	U+D1A4D	Cn	2	正文	󑩍	󑩍	𬪃令夜𬁾戈	
󑩑	U+D1A51	Cn	2	正文	󑩑	󑩑	并陽令其戈	
󑩒	U+D1A52	Cn	2	正文	󑩒	󑩒	并陽令其戈	
󑩶	U+D1A76	Cn	2	正文	󑩶	󑩶	武城令戈	
󑩺	U+D1A7A	Cn	2	正文	󑩺	󑩺	冢子韓矰戈	
󑩻	U+D1A7B	Cn	2	正文	󑩻	󑩻	楚王熊璋戈	
󑪅	U+D1A85	Cn	2	正文	󑪅	󑪅	鄭令𬢘△戈	
󑪇	U+D1A87	Cn	2	正文	󑪇	󑪇	鄭令𬃬󐔱戈	
󑪥	U+D1AA5	Cn	2	正文	敦	󑪥	裔窅敦年戟	
󑪫	U+D1AAB	Cn	2	正文	造	󑪬	󑪫之公庫戈	
󑪬	U+D1AAC	Cn	2	正文	造	󑪬	𨝴之公庫戈	
󑪯	U+D1AAF	Cn	2	正文	󑪯	󑪯	武王攻󑪮戈	
󑪵	U+D1AB5	Cn	2	正文	󑪵	󑪵	州令慶△戈	
󑪷	U+D1AB7	Cn	2	正文	󑪷	󑪷	秦公戈	
󑪼	U+D1ABC	Cn	2	正文	󑪼	󑪼	陽人令卒止戈	
󑫆	U+D1AC6	Cn	2	正文	󑫆	󑫆	公族申戈	
󑫐	U+D1AD0	Cn	2	正文	쑄	쑄	󑫐叔江戈	
󑫚	U+D1ADA	Cn	2	正文	鴻	䲨	鴻子󑫚𬋝戟	
󑫟	U+D1ADF	Cn	2	正文	千	千	󑫞󑫟戈	
󑫠	U+D1AE0	Cn	2	正文	󑫠	󑫠	歸各戈	
󑫤	U+D1AE4	Cn	2	正文	󑫤	󑫤	東陽上庫戈	
󑫦	U+D1AE6	Cn	2	正文	󑫦	󑫦	濩澤君戈	
󑫱	U+D1AF1	Cn	2	單一族徽	單一族徽第502組	單一族徽第502組	󑫱矛	
󑫿	U+D1AFF	Cn	2	正文	󑫿	󑫿	鄭令韓半矛	
󑬁	U+D1B01	Cn	2	正文	󑬁	󑬁	藺令趙狽矛	
󑬃	U+D1B03	Cn	2	正文	󑬃	󑬃	安陽令韓壬戟刺	
󑬊	U+D1B0A	Cn	2	正文	󑬊	󑬊	冢子韓政戟刺	
󑬖	U+D1B16	Cn	2	正文	踐	󑬖	越王勾踐劍	
󑬙	U+D1B19	Cn	2	正文	劍	󑬙	攻吳王光劍	
󑬚	U+D1B1A	Cn	2	正文	󑬚	󑬚	攻吳王光劍	
󑬵	U+D1B35	Cn	2	正文	󑬵	󑬵	相邦春平侯鈹	
󑭇	U+D1B47	Cn	2	正文	󑭇	󑭇	相邦春平侯鈹	
󑭊	U+D1B4A	Cn	2	正文	麻	󑭊	攻吳王姑讎亓󑭅劍	
󑭋	U+D1B4B	Cn	2	正文	󑭋	󑭋	攻吳王姑讎亓󑭅劍	
󑭕	U+D1B55	Cn	2	正文	府	󑭕	上成氏府假令張坤鈹	
󑭷	U+D1B77	Cn	2	正文	󑭷	󑭷	武城令董紿弩機	
󑮒	U+D1B92	Cn	2	正文	󑮒	󑮒	𠦪宮鄉𠦪裏量	
󑮩	U+D1BA9	Cn	2	正文	󑮩	󑮩	大府量	
󑮭	U+D1BAD	Cn	2	正文	鞭	󑮭	右󑮭車器	
󑮰	U+D1BB0	Cn	2	正文	󑮰	󑮰	采者節	
󑯀	U+D1BC0	Cn	2	正文	郴	󑯀	鄂君啓舟節	
󑯛	U+D1BDB	Cn	2	正文	󑯛	󑯛	黃子器座	
󑯞	U+D1BDE	Cn	2	正文	󑯞	󑯞	曾仲蒍君󑯝鎮墓獸座	
󑯣	U+D1BE3	Cn	2	正文	府	󑯣	中府丞趙許杖首	
󰌆	U+F0306	Co	2	正文	󰌆	󰌆	夗攴孫宋鼎	
󰌌	U+F030C	Co	2	正文	󰌌	󰌌	曶鼎	
󰌑	U+F0311	Co	2	正文	󰌑	󰌑	伯具簋	
󰌕	U+F0315	Co	2	正文	󰌕	󰌕	晉侯對鋪	
󰌗	U+F0317	Co	2	正文	固	󰌗	寽尊	
󰌚	U+F031A	Co	2	正文	忌	󰌚	王孫誥鐘廿四	
󰌝	U+F031D	Co	2	正文	󰌝	󰌝	乖伯簋	
󰌽	U+F033D	Co	2	正文	󰌽	󰌽	徐醓尹鉦鋮	
󰍑	U+F0351	Co	2	正文	󰍑	󰍑		
󰍒	U+F0352	Co	2	正文	󰍒	󰍒	國差𦉜	
񄹸	U+44E78	Cn	1	正文	造	񄹸	滕侯𣅔戟	
񄾧	U+44FA7	Cn	1	正文	𣬈	𣬈	𫤵񄾧夒壺蓋	
񅁓	U+45053	Cn	1	正文	񅇾	񅇾	晉侯񅁓簋	
񅂌	U+4508C	Cn	1	正文	臧	񅂌	右孺子鼎	
񅇎	U+451CE	Cn	1	正文	賈	襾	񅇎襾父辛卣	
񅠃	U+45803	Cn	1	正文	稻	񅠃	邿召簠蓋	
񅤂	U+45902	Cn	1	正文	盆	盆	仲񅤂父盆甲	
񮸫	U+6EE2B	Cn	1	正文	野	񮸫	野王市斗	
󐀗	U+D0017	Cn	1	正文	師	󐀗	免簋	
󐃈	U+D00C8	Cn	1	正文	皀	皀	󐃈	
󐄺	U+D013A	Cn	1	正文	往	󐄺	公子侯簠	
󐅿	U+D017F	Cn	1	正文	雝	󐅿	雍鋪首	
󐆢	U+D01A2	Cn	1	單一族徽	單一族徽第343組	單一族徽第343組	󐆢簋	
󐆥	U+D01A5	Cn	1	單一族徽	單一族徽第344組	單一族徽第344組	亞󐆥觚	
󐊦	U+D02A6	Cn	1	單一族徽	單一族徽第472組	單一族徽第472組	󐊦父乙觶	
󐑕	U+D0455	Cn	1	正文	屬	󐑕	中山王󐑍壺	
󐔥	U+D0525	Cn	1	正文	寵	󐔥	魯伯悆盨蓋	
󐕃	U+D0543	Cn	1	正文	嫞	󐕃	魯伯者父盤	
󐕥	U+D0565	Cn	1	正文	灷	󐕥	秦公簋	
󐕲	U+D0572	Cn	1	單一族徽	單一族徽第308組	單一族徽第308組	亞󐕲觚	
󐗡	U+D05E1	Cn	1	正文	賓	󐗡	陳喜壺	
󐛻	U+D06FB	Cn	1	正文	涒	󐛻	蒍夫人󐔻鼎	
󐞑	U+D0791	Cn	1	正文	䨷	󐞑	𫲨𧊒壺	
󐟦	U+D07E6	Cn	1	正文	雝	󐟦	鄭令幽恒戈	
󐠎	U+D080E	Cn	1	正文	󑮑	󐠎	蔡太史卮	
󐢫	U+D08AB	Cn	1	正文	嚴	󐢫	晉公盤	
󐣺	U+D08FA	Cn	1	單一族徽	單一族徽第324組	單一族徽第324組	󐣺󐦈丁鼎	
󐤍	U+D090D	Cn	1	單一族徽	單一族徽第239組	單一族徽第239組	󐤍鼎	
󐤎	U+D090E	Cn	1	單一族徽	單一族徽第240組	單一族徽第240組	󐤎鼎	
󐤏	U+D090F	Cn	1	單一族徽	單一族徽第241組	單一族徽第241組	󐤏鼎	
󐤒	U+D0912	Cn	1	單一族徽	單一族徽第244組	單一族徽第244組	󐤒鼎	
󐤓	U+D0913	Cn	1	單一族徽	單一族徽第245組	單一族徽第245組	󐤓鼎	
󐤕	U+D0915	Cn	1	單一族徽	單一族徽第247組	單一族徽第247組	󐤕鼎	
󐤢	U+D0922	Cn	1	單一族徽	單一族徽第256組	單一族徽第256組	󐤢鼎	
󐤣	U+D0923	Cn	1	單一族徽	單一族徽第257組	單一族徽第257組	󐤣鼎	
󐤥	U+D0925	Cn	1	單一族徽	單一族徽第259組	單一族徽第259組	󐤥鼎	
󐤱	U+D0931	Cn	1	單一族徽	單一族徽第265組	單一族徽第265組	󐤱簋	
󐤸	U+D0938	Cn	1	單一族徽	單一族徽第268組	單一族徽第268組	亞󐤸鼎	
󐤹	U+D0939	Cn	1	單一族徽	單一族徽第270組	單一族徽第270組	亞󐤹鼎	
󐥓	U+D0953	Cn	1	單一族徽	單一族徽第280組	單一族徽第280組	癸󐥓鼎	
󐥖	U+D0956	Cn	1	單一族徽	單一族徽第5組	單一族徽第5組	󐥖父丁觚	
󐥹	U+D0979	Cn	1	單一族徽	單一族徽第42組	單一族徽第42組	󐤈󐥹󐴦󑅇	
󐦀	U+D0980	Cn	1	單一族徽	單一族徽第318組	單一族徽第318組	󐦀父辛鼎	
󐦅	U+D0985	Cn	1	單一族徽	單一族徽第321組	單一族徽第321組	󐦅父丁爵	
󐦑	U+D0991	Cn	1	正文	聑	聑	󐦑聑󐤡鼎	
󐦗	U+D0997	Cn	1	正文	牧	󐦘	󐦗鼎	
󐦘	U+D0998	Cn	1	正文	牧	󐦘	󐦗鼎	
󐦳	U+D09B3	Cn	1	單一族徽	單一族徽第358組	單一族徽第358組	󐦳冊父丁鼎	
󐧃	U+D09C3	Cn	1	單一族徽	單一族徽第54組	單一族徽第54組	𢌿󐧃父癸卣	
󐧖	U+D09D6	Cn	1	正文	𫳞	󐧖	𫳞長鼎	
󐧼	U+D09FC	Cn	1	正文	匋	匋	󐧼律鼎	
󐨉	U+D0A09	Cn	1	正文	鼎	󐨉	禀里鼎	
󐨊	U+D0A0A	Cn	1	正文	蔡	󐨊	蔡子𣏟鼎	
󐨥	U+D0A25	Cn	1	正文	豐	󐑯	󐆐公󐨥鼎	
󐨪	U+D0A2A	Cn	1	正文	越	󐨪	越邾莒盟辭鐘	
󐨬	U+D0A2C	Cn	1	正文	𬹥	󐨬	蔡侯申鼎	
󐨺	U+D0A3A	Cn	1	正文	鶉	󐨺	伯遟父鼎	
󐩇	U+D0A47	Cn	1	正文	廚	󐩇	闇尹󐩆鼎	
󐩍	U+D0A4D	Cn	1	正文	湯	󐩍	彭子射鼎	
󐩣	U+D0A63	Cn	1	正文	福	󐩣	鼎	
󐩱	U+D0A71	Cn	1	正文	貴	󐩱	𬂐鼎	
󐩷	U+D0A77	Cn	1	正文	造	󐩷	伯(cid:19349)朋鼎	
󐪍	U+D0A8D	Cn	1	正文	登	󐪍	盅鼎	
󐪿	U+D0ABF	Cn	1	正文	楚	󐪿	楚王酓脠鉈鼎	
󐫐	U+D0AD0	Cn	1	正文	饔	󐫐	鄭饔原父鼎	
󐫓	U+D0AD3	Cn	1	正文	鼒	󐫓	王后左枳室鼎	
󐫛	U+D0ADB	Cn	1	正文	䰞	󐫛{	襄𦝏子湯鼎	
󐫞	U+D0ADE	Cn	1	正文	滅	滅	乃󐫞子鼎	
󐫯	U+D0AEF	Cn	1	正文	鼒	󐫯	鄭勇句父鼎	
󐬜	U+D0B1C	Cn	1	正文	所	󐬜	彭公之孫無所鼎	
󐬣	U+D0B23	Cn	1	正文	鼎	󐬣	楚王酓脠鼎	
󐭛	U+D0B5B	Cn	1	正文	福	󐭛	戜者鼎	
󐭬	U+D0B6C	Cn	1	正文	簟	󐭬	焂戒鼎	
󐭷	U+D0B77	Cn	1	正文	󐲍	󐭷	姬鼎	
󐮇	U+D0B87	Cn	1	正文	䋣	󐮇	揚鼎	
󐮊	U+D0B8A	Cn	1	正文	𬹩	󐮊	戍𫲱鼎	
󐮍	U+D0B8D	Cn	1	正文	徹	󐮍	󐮋鼎	
󐮖	U+D0B96	Cn	1	正文	𩒳	󐮖	晉侯對鼎	
󐮙	U+D0B99	Cn	1	正文	順	󐮙	毛公旅鼎	
󐮜	U+D0B9C	Cn	1	正文	省	󐮜	𫴈鼎	
󐮻	U+D0BBB	Cn	1	正文	信	󐮻	亡智鼎	
󐯂	U+D0BC2	Cn	1	正文	󐆨	󐯂	庚嬴鼎	
󐯌	U+D0BCC	Cn	1	正文	臧	󐯌	春平相邦葛得鼎	
󐯓	U+D0BD3	Cn	1	正文	鬲	󐯓	寓鼎	
󐯥	U+D0BE5	Cn	1	正文	忘	󐯥	󐯤鼎	
󐯫	U+D0BEB	Cn	1	正文	彝	󐯫	鄭莊公之孫鼎蓋	
󐯯	U+D0BEF	Cn	1	正文	亯	󐯯	夫𧿞𠃬鼎蓋	
󐯽	U+D0BFD	Cn	1	正文	擇	󐯽	蒍夫人󐔻鼎	
󐯾	U+D0BFE	Cn	1	正文	忘	󐯾	蒍夫人󐔻鼎	
󐰂	U+D0C02	Cn	1	正文	寢	寢	󐰂鼎	
󐰕	U+D0C15	Cn	1	正文	盡	󐰕	任鼎	
󐰷	U+D0C37	Cn	1	正文	寵	󐰷	師酉鼎	
󐰿	U+D0C3F	Cn	1	正文	幬	󐰿	伯(cid:6960)鼎	
󐱀	U+D0C40	Cn	1	正文	䡈	󐱀	伯晨鼎	
󐱌	U+D0C4C	Cn	1	正文	召	󐱌	晉姜鼎	
󐱓	U+D0C53	Cn	1	正文	盡	󐱓	師𩛥鼎	
󐱗	U+D0C57	Cn	1	正文	釐	󐱗	師𩛥鼎	
󐱢	U+D0C62	Cn	1	正文	履	󐱢	九年衛鼎	
󐱫	U+D0C6B	Cn	1	正文	𫼆	󐱫	禹鼎	
󐱯	U+D0C6F	Cn	1	正文	搏	󐱯	虢季子白盤	
󐱿	U+D0C7F	Cn	1	正文	󐳐	󐱿	作冊吳方彝蓋	
󐲅	U+D0C85	Cn	1	正文	哲	󐲅	大克鼎	
󐲎	U+D0C8E	Cn	1	正文	戰	󐲎	大盂鼎	
󐲟	U+D0C9F	Cn	1	正文	鞭	󐲟	曶鼎	
󐲬	U+D0CAC	Cn	1	正文	度	󐲬	中山王󐑍鼎	
󐲭	U+D0CAD	Cn	1	正文	業	󐲭	中山王󐑍鼎	
󐲰	U+D0CB0	Cn	1	正文	刑	󐲰	中山王󐑍鼎	
󐲶	U+D0CB6	Cn	1	正文	親	󐲶	中山王󐑍鼎	
󐳁	U+D0CC1	Cn	1	正文	𧾱	󐳁	毛公鼎	
󐳗	U+D0CD7	Cn	1	單一族徽	單一族徽第215組	單一族徽第215組	󐳗鼎	
󐳛	U+D0CDB	Cn	1	單一族徽	單一族徽第217組	單一族徽第217組	󐳛鼎	
󐳢	U+D0CE2	Cn	1	單一族徽	單一族徽第220組	單一族徽第220組	󐳢祖丁鼎	
󐳭	U+D0CED	Cn	1	正文	廚	󐳭	曾󐳬公臣鼎	
󐳿	U+D0CFF	Cn	1	正文	󐧝	󐳿	(cid:6967)之󐳾鼎	
󐴈	U+D0D08	Cn	1	正文	宜	󐴈	濫公宜𫩨鼎	
󐴖	U+D0D16	Cn	1	正文	顯	󐴖	伯克父鼎	
󐴛	U+D0D1B	Cn	1	正文	祼	󐴛	具鼎	
󐴡	U+D0D21	Cn	1	單一族徽	單一族徽第255組	單一族徽第255組	󐴡鼎	
󐴦	U+D0D26	Cn	1	單一族徽	單一族徽第42組	單一族徽第42組	󐤈󐥹󐴦󑅇	
󐴮	U+D0D2E	Cn	1	單一族徽	單一族徽第264組	單一族徽第264組	󐴮丁父鼎	
󐵞	U+D0D5E	Cn	1	正文	鑄	󐵞	居𲅻𠭯鼎	
󐵢	U+D0D62	Cn	1	單一族徽	單一族徽第292組	單一族徽第292組	󐵢鬲	
󐵧	U+D0D67	Cn	1	單一族徽	單一族徽第296組	單一族徽第296組	󐵧母辛鬲	
󐵨	U+D0D68	Cn	1	單一族徽	單一族徽第298組	單一族徽第298組	亞󐵨母乙鬲	
󐵴	U+D0D74	Cn	1	正文	鑄	󐵴	晉侯鬲	
󐵵	U+D0D75	Cn	1	正文	齍	齍	仲󐵵父鬲	
󐶦	U+D0DA6	Cn	1	正文	󐍀	󐶦	競孫旟号鬲	
󐶫	U+D0DAB	Cn	1	正文	鬲	󐶫	曾侯與鬲	
󐶬	U+D0DAC	Cn	1	正文	福	󐶬	姞鬲	
󐶳	U+D0DB3	Cn	1	單一族徽	單一族徽第357組	單一族徽第357組	󐶳甗	
󐶵	U+D0DB5	Cn	1	單一族徽	單一族徽第360組	單一族徽第360組	󐶵甗	
󐶶	U+D0DB6	Cn	1	單一族徽	單一族徽第53組	單一族徽第53組	󐶶甗	
󐶷	U+D0DB7	Cn	1	單一族徽	單一族徽第361組	單一族徽第361組	󐶷甗	
󐶸	U+D0DB8	Cn	1	單一族徽	單一族徽第362組	單一族徽第362組	󐶸甗	
󐷂	U+D0DC2	Cn	1	單一族徽	單一族徽第369組	單一族徽第369組	󐷂父己甗	
󐷇	U+D0DC7	Cn	1	正文	去	去	去󐷇父丁甗	
󐷊	U+D0DCA	Cn	1	正文	獻	󐷊	克甗	
󐷋	U+D0DCB	Cn	1	正文	獻	󐷈	󐷋子甗	
󐷖	U+D0DD6	Cn	1	正文	𰛚	󐷛	󐷖叔󐷗甗	
󐷗	U+D0DD7	Cn	1	正文	𰛚	󐷛	󐷖叔󐷗甗	
󐷛	U+D0DDB	Cn	1	正文	𰛚	󐷛	󐷖叔󐷗甗	
󐷟	U+D0DDF	Cn	1	正文	甗	󐷟	𢐗伯甗	
󐷠	U+D0DE0	Cn	1	單一族徽	單一族徽第9組	單一族徽第9組	󐷠夫甗	
󐷫	U+D0DEB	Cn	1	正文	甗	󐷫	󐀉甗	
󐷭	U+D0DED	Cn	1	正文	霸	󐷭	𨕘甗	
󐷰	U+D0DF0	Cn	1	正文	饎	󐷰	叔原父甗	
󐷳	U+D0DF3	Cn	1	正文	鑄	󐷳	王孫叔𧬼甗	
󐷵	U+D0DF5	Cn	1	正文	饎	󐷵	王孫叔𧬼甗	
󐷽	U+D0DFD	Cn	1	正文	甗	󐷽	馭塵甗	
󐸂	U+D0E02	Cn	1	單一族徽	單一族徽第395組	單一族徽第395組	󐸂父辛甗	
󐸇	U+D0E07	Cn	1	正文	嗣	󐸇	嗌甗	
󐸐	U+D0E10	Cn	1	單一族徽	單一族徽第406組	單一族徽第406組	󐸐簋	
󐸓	U+D0E13	Cn	1	單一族徽	單一族徽第409組	單一族徽第409組	󐸓簋	
󐸔	U+D0E14	Cn	1	單一族徽	單一族徽第410組	單一族徽第410組	󐸔簋	
󐸘	U+D0E18	Cn	1	單一族徽	單一族徽第412組	單一族徽第412組	󐸘簋	
󐸦	U+D0E26	Cn	1	正文	過	󐸦	過文簋	
󐸩	U+D0E29	Cn	1	單一族徽	單一族徽第652組	單一族徽第652組	󐸩己簋	
󐸸	U+D0E38	Cn	1	單一族徽	單一族徽第422組	單一族徽第422組	󐸸父癸簋	
󐹁	U+D0E41	Cn	1	正文	鑄	󐹁	庚午簋	
󐹂	U+D0E42	Cn	1	單一族徽	單一族徽第427組	單一族徽第427組	󐹂冊父乙簋	
󐹆	U+D0E46	Cn	1	複合族徽	耳𬠿天	耳𬠿天	耳󐹆父癸簋	
󐹔	U+D0E54	Cn	1	正文	龜	龜	󐹔黽簋	
󐹡	U+D0E61	Cn	1	正文	𨹵	󐹡	𨹵簋	
󐺀	U+D0E80	Cn	1	正文	𫳧	󐺀	季𫳧父簋	
󐺁	U+D0E81	Cn	1	正文	𩛥	󐺁	嬴霝德簋蓋	
󐺈	U+D0E88	Cn	1	正文	(cid:19264)	󐺈	(cid:19264)婦簋	
󐺱	U+D0EB1	Cn	1	正文	駒	󐺱	𫼑見駒簋	
󐺶	U+D0EB6	Cn	1	正文	逆	󐺶	仲爯簋	
󐺸	U+D0EB8	Cn	1	正文	𩛥	󐺸	󐕁𫳰󐺷簋	
󐺹	U+D0EB9	Cn	1	正文	𬳬	𬳬	王𬳬󐺹簋	
󐻖	U+D0ED6	Cn	1	正文	衛	󐻖	衛姒簋蓋	
󐻗	U+D0ED7	Cn	1	正文	達	󐻗	𫩞伯𬦔簋蓋	
󐻙	U+D0ED9	Cn	1	正文	賓	󐻙	伯賓父簋乙	
󐻝	U+D0EDD	Cn	1	正文	萬	𫉨	󐻝生󐻞簋	
󐻞	U+D0EDE	Cn	1	正文	萬	𫉨	󐻝生󐻞簋	
󐻮	U+D0EEE	Cn	1	正文	貿	󐻮	仲𧭥父簋	
󐻾	U+D0EFE	Cn	1	正文	媵	󐻾	㠱侯簋	
󐼹	U+D0F39	Cn	1	正文	𠳋	󐼹	太保簋	
󐽎	U+D0F4E	Cn	1	正文	釐	󐽎	陳𫎒簋蓋	
󐽏	U+D0F4F	Cn	1	正文	夤	󐽏	曾侯與鐘Ⅰ甲	
󐽫	U+D0F6B	Cn	1	正文	則	󐽫	段簋	
󐽯	U+D0F6F	Cn	1	正文	爵	󐽯	遹簋	
󐽳	U+D0F73	Cn	1	正文	遄	󐽳	𬹜簋蓋	
󐽼	U+D0F7C	Cn	1	正文	釐	󐽼	叔向父禹簋	
󐾧	U+D0FA7	Cn	1	正文	純	󐾧	師道簋	
󐾾	U+D0FBE	Cn	1	正文	琱	󐾾	師𬍊簋	
󐿟	U+D0FDF	Cn	1	正文	榜	󐿟	敔簋	
󐿢	U+D0FE2	Cn	1	正文	𬥦	󐿢	敔簋	
󐿨	U+D0FE8	Cn	1	正文	䒞	󐿨	番生簋蓋	
󐿮	U+D0FEE	Cn	1	正文	󐓄	󐿮	畯簋	
󑀇	U+D1007	Cn	1	正文	肇	󑀇	叔壴簋蓋	
󑀒	U+D1012	Cn	1	正文	胡	󑀒	仲盂父簋	
󑀤	U+D1024	Cn	1	正文	更	󑀤	𠬝簋	
󑀦	U+D1026	Cn	1	正文	爵	󑀦	宗人簋甲	
󑀬	U+D102C	Cn	1	正文	監	󑀬	󰌓監簋	
󑀴	U+D1034	Cn	1	正文	彭	󑀴	𫡜姬彭簋	
󑁖	U+D1056	Cn	1	正文	𩞑	󑁖	京叔盨	
󑁗	U+D1057	Cn	1	正文	盨	󑁗	京叔盨	
󑁘	U+D1058	Cn	1	正文	鑄	󑁘	虢叔盨	
󑁲	U+D1072	Cn	1	正文	懿	󑁲	豳公盨	
󑁻	U+D107B	Cn	1	正文	競	󑁻	𩰫比盨	
󑂇	U+D1087	Cn	1	正文	遽	󑂇	般仲豦簠蓋	
󑂉	U+D1089	Cn	1	正文	鑄	󑂉	󑂈乘簠	
󑂋	U+D108B	Cn	1	正文	樊	󑂋	樊君𬰟簠	
󑂖	U+D1096	Cn	1	正文	楷	󑂖	楷侯󑂈逆簠	
󑂝	U+D109D	Cn	1	正文	鑄	󑂝	𬉖山旅虎簠	
󑂧	U+D10A7	Cn	1	正文	䀇	󑂧	叔邦父簠	
󑂰	U+D10B0	Cn	1	正文	諴	󑂰	鄀公諴簠	
󑂾	U+D10BE	Cn	1	正文	擇	󑂾	伯公父簠蓋	
󑃈	U+D10C8	Cn	1	正文	䀇	󑃈	夒膚簠	
󑃣	U+D10E3	Cn	1	正文	敦	󑃣	郳公克敦	
󑃶	U+D10F6	Cn	1	正文	保	󑃶	十年陳侯午敦	
󑃹	U+D10F9	Cn	1	正文	惟	󑃹	陳侯因𬁼敦	
󑃻	U+D10FB	Cn	1	正文	踵	󑃻	陳侯因𬁼敦	
󑃼	U+D10FC	Cn	1	正文	嗣	󑃼	陳侯因𬁼敦	
󑄔	U+D1114	Cn	1	正文	獻	󑄔	聽盂	
󑄖	U+D1116	Cn	1	正文	壽	󑄖	婁君盂	
󑄙	U+D1119	Cn	1	正文	𩒳	󑄙	󐬆盂	
󑄟	U+D111F	Cn	1	正文	涉	󑄟	異好盂	
󑄠	U+D1120	Cn	1	正文	還	󑄠	異好盂	
󑄤	U+D1124	Cn	1	正文	福	󑄤	八年鳥柱盆	
󑄫	U+D112B	Cn	1	正文	龏	󑄫	晉公盤	
󑄲	U+D1132	Cn	1	正文	盆	盆	伯󑄲盆	
󑅇	U+D1147	Cn	1	單一族徽	單一族徽第42組	單一族徽第42組	󐤈󐥹󐴦󑅇	
󑅑	U+D1151	Cn	1	單一族徽	單一族徽第278組	單一族徽第278組	󑅑爵	
󑅒	U+D1152	Cn	1	單一族徽	單一族徽第279組	單一族徽第279組	󑅒爵	
󑅕	U+D1155	Cn	1	單一族徽	單一族徽第281組	單一族徽第281組	󑅕爵	
󑅛	U+D115B	Cn	1	單一族徽	單一族徽第285組	單一族徽第285組	󑅛爵	
󑅠	U+D1160	Cn	1	單一族徽	單一族徽第290組	單一族徽第290組	󑅠爵	
󑅡	U+D1161	Cn	1	單一族徽	單一族徽第291組	單一族徽第291組	󑅡爵	
󑅣	U+D1163	Cn	1	單一族徽	單一族徽第293組	單一族徽第293組	󑅣爵	
󑅧	U+D1167	Cn	1	單一族徽	單一族徽第296組	單一族徽第296組	󑅧爵	
󑅨	U+D1168	Cn	1	單一族徽	單一族徽第297組	單一族徽第297組	󑅨爵	
󑅩	U+D1169	Cn	1	單一族徽	單一族徽第299組	單一族徽第299組	󑅩爵	
󑅫	U+D116B	Cn	1	單一族徽	單一族徽第301組	單一族徽第301組	󑅫爵	
󑅰	U+D1170	Cn	1	單一族徽	單一族徽第305組	單一族徽第305組	󑅰爵	
󑅱	U+D1171	Cn	1	單一族徽	單一族徽第306組	單一族徽第306組	󑅱爵	
󑅸	U+D1178	Cn	1	單一族徽	單一族徽第312組	單一族徽第312組	󑅸爵	
󑅹	U+D1179	Cn	1	單一族徽	單一族徽第313組	單一族徽第313組	󑅹爵	
󑅻	U+D117B	Cn	1	單一族徽	單一族徽第314組	單一族徽第314組	󑅻爵	
󑅽	U+D117D	Cn	1	單一族徽	單一族徽第316組	單一族徽第316組	󑅽爵	
󑆂	U+D1182	Cn	1	正文	過	󑆂	過伯爵	
󑆗	U+D1197	Cn	1	單一族徽	單一族徽第934組	單一族徽第934組	𪦾󑆗爵	
󑆥	U+D11A5	Cn	1	正文	賓	𡧎	󑆥𡧎爵	
󑆮	U+D11AE	Cn	1	單一族徽	單一族徽第354組	單一族徽第354組	󑆮甲爵	
󑆯	U+D11AF	Cn	1	單一族徽	單一族徽第355組	單一族徽第355組	󑆯乙爵	
󑆲	U+D11B2	Cn	1	單一族徽	單一族徽第356組	單一族徽第356組	󑆲辛爵	
󑆴	U+D11B4	Cn	1	單一族徽	單一族徽第359組	單一族徽第359組	󑆴癸爵	
󑆺	U+D11BA	Cn	1	正文	圭	圭	󑆺󑆻爵	
󑆻	U+D11BB	Cn	1	正文	圭	圭	󑆺󑆻爵	
󑆼	U+D11BC	Cn	1	單一族徽	單一族徽第364組	單一族徽第364組	󑆼右爵	
󑇀	U+D11C0	Cn	1	單一族徽	單一族徽第366組	單一族徽第366組	󑇀△爵	
󑇁	U+D11C1	Cn	1	單一族徽	單一族徽第368組	單一族徽第368組	亞󑇁爵	
󑇅	U+D11C5	Cn	1	單一族徽	單一族徽第371組	單一族徽第371組	󑇅辛爵	
󑇉	U+D11C9	Cn	1	單一族徽	單一族徽第373組	單一族徽第373組	󑇉祖乙爵	
󑇍	U+D11CD	Cn	1	正文	庚	庚	󑇍祖庚爵	
󑇏	U+D11CF	Cn	1	單一族徽	單一族徽第378組	單一族徽第378組	󑇏祖癸爵	
󑇐	U+D11D0	Cn	1	單一族徽	單一族徽第379組	單一族徽第379組	󑇐父乙爵	
󑇞	U+D11DE	Cn	1	單一族徽	單一族徽第386組	單一族徽第386組	󑇞父己爵	
󑇟	U+D11DF	Cn	1	單一族徽	單一族徽第387組	單一族徽第387組	󑇟父己爵	
󑇧	U+D11E7	Cn	1	單一族徽	單一族徽第388組	單一族徽第388組	󑇧父癸爵	
󑇨	U+D11E8	Cn	1	單一族徽	單一族徽第389組	單一族徽第389組	󑇨父癸爵	
󑇩	U+D11E9	Cn	1	單一族徽	單一族徽第390組	單一族徽第390組	󑇩父癸爵	
󑇳	U+D11F3	Cn	1	複合族徽	󑒜󑇴	󑒜󑇴	亞󑇳規爵	
󑇸	U+D11F8	Cn	1	正文	𡆥	𡆥	𡆥󑇸󑇹爵	
󑇹	U+D11F9	Cn	1	正文	𡆥	𡆥	𡆥󑇸󑇹爵	
󑇿	U+D11FF	Cn	1	正文	長	󑇿	長子口爵	
󑈅	U+D1205	Cn	1	單一族徽	單一族徽第398組	單一族徽第398組	󑈅父丁爵	
󑈆	U+D1206	Cn	1	單一族徽	單一族徽第399組	單一族徽第399組	󑈆父丁爵	
󑈈	U+D1208	Cn	1	單一族徽	單一族徽第400組	單一族徽第400組	󑈈父戊爵	
󑈋	U+D120B	Cn	1	單一族徽	單一族徽第402組	單一族徽第402組	󑈋父癸爵	
󑈎	U+D120E	Cn	1	單一族徽	單一族徽第558組	單一族徽第558組	丙󑈎󐹏爵	
󑈕	U+D1215	Cn	1	正文	𬟳	𬟳	󑈕爵	
󑈽	U+D123D	Cn	1	單一族徽	單一族徽第425組	單一族徽第425組	亞󑈽父癸爵	
󑉦	U+D1266	Cn	1	正文	宿	󑉦	史宿爵	
󑉯	U+D126F	Cn	1	單一族徽	單一族徽第446組	單一族徽第446組	󑉯爵	
󑉱	U+D1271	Cn	1	單一族徽	單一族徽第447組	單一族徽第447組	󑉱爵	
󑉶	U+D1276	Cn	1	單一族徽	單一族徽第448組	單一族徽第448組	󑉶父乙爵	
󑉷	U+D1277	Cn	1	單一族徽	單一族徽第449組	單一族徽第449組	󑉷父辛爵	
󑉸	U+D1278	Cn	1	單一族徽	單一族徽第450組	單一族徽第450組	󑉸爵	
󑉺	U+D127A	Cn	1	單一族徽	單一族徽第8組	單一族徽第8組	󑉺爵	
󑉼	U+D127C	Cn	1	單一族徽	單一族徽第452組	單一族徽第452組	󑉼爵	
󑉽	U+D127D	Cn	1	單一族徽	單一族徽第453組	單一族徽第453組	󑉽爵	
󑊁	U+D1281	Cn	1	單一族徽	單一族徽第455組	單一族徽第455組	󑊁父爵	
󑊈	U+D1288	Cn	1	單一族徽	單一族徽第458組	單一族徽第458組	亞󑊈角	
󑊊	U+D128A	Cn	1	單一族徽	單一族徽第459組	單一族徽第459組	󑊊父戊角	
󑊚	U+D129A	Cn	1	單一族徽	單一族徽第464組	單一族徽第464組	󑊚觚	
󑊠	U+D12A0	Cn	1	單一族徽	單一族徽第467組	單一族徽第467組	󑊠觚	
󑊡	U+D12A1	Cn	1	單一族徽	單一族徽第468組	單一族徽第468組	󑊡觚	
󑊤	U+D12A4	Cn	1	單一族徽	單一族徽第470組	單一族徽第470組	󑊤觚	
󑊥	U+D12A5	Cn	1	單一族徽	單一族徽第471組	單一族徽第471組	󑊥觚	
󑊧	U+D12A7	Cn	1	單一族徽	單一族徽第473組	單一族徽第473組	󑊧觚	
󑊨	U+D12A8	Cn	1	單一族徽	單一族徽第474組	單一族徽第474組	󑊨觚	
󑊪	U+D12AA	Cn	1	單一族徽	單一族徽第475組	單一族徽第475組	󑊪觚	
󑊫	U+D12AB	Cn	1	單一族徽	單一族徽第476組	單一族徽第476組	󑊫觚	
󑊰	U+D12B0	Cn	1	單一族徽	單一族徽第478組	單一族徽第478組	󑊰觚	
󑊱	U+D12B1	Cn	1	單一族徽	單一族徽第479組	單一族徽第479組	󑊱觚	
󑊲	U+D12B2	Cn	1	單一族徽	單一族徽第480組	單一族徽第480組	󑊲觚	
󑊳	U+D12B3	Cn	1	單一族徽	單一族徽第481組	單一族徽第481組	󑊳觚	
󑊴	U+D12B4	Cn	1	單一族徽	單一族徽第482組	單一族徽第482組	󑊴觚	
󑊵	U+D12B5	Cn	1	單一族徽	單一族徽第483組	單一族徽第483組	󑊵觚	
󑊶	U+D12B6	Cn	1	單一族徽	單一族徽第484組	單一族徽第484組	󑊶觚	
󑊸	U+D12B8	Cn	1	單一族徽	單一族徽第485組	單一族徽第485組	󑊸觚	
󑊹	U+D12B9	Cn	1	單一族徽	單一族徽第486組	單一族徽第486組	󑊹觚	
󑊼	U+D12BC	Cn	1	單一族徽	單一族徽第489組	單一族徽第489組	󑊼乙斝	
󑊿	U+D12BF	Cn	1	單一族徽	單一族徽第491組	單一族徽第491組	󑊿乙觚	
󑋄	U+D12C4	Cn	1	單一族徽	單一族徽第494組	單一族徽第494組	󑋄己觚	
󑋠	U+D12E0	Cn	1	單一族徽	單一族徽第500組	單一族徽第500組	󑋠觚	
󑌅	U+D1305	Cn	1	單一族徽	單一族徽第504組	單一族徽第504組	亞󑌅觚	
󑍵	U+D1375	Cn	1	複合族徽	󑊄口亢	󑊄口亢	亞󑍵亢父癸尊	
󑎊	U+D138A	Cn	1	單一族徽	單一族徽第522組	單一族徽第522組	󑎊冊父乙尊	
󑎔	U+D1394	Cn	1	單一族徽	單一族徽第660組	單一族徽第660組	󑎔觚	
󑎬	U+D13AC	Cn	1	單一族徽	單一族徽第528組	單一族徽第528組	󑎬觚	
󑎮	U+D13AE	Cn	1	單一族徽	單一族徽第529組	單一族徽第529組	󑎮觚	
󑎲	U+D13B2	Cn	1	單一族徽	單一族徽第530組	單一族徽第530組	󑎲觚	
󑎳	U+D13B3	Cn	1	單一族徽	單一族徽第531組	單一族徽第531組	󑎳觚	
󑏈	U+D13C8	Cn	1	單一族徽	單一族徽第536組	單一族徽第536組	󑏈觶	
󑏡	U+D13E1	Cn	1	單一族徽	單一族徽第537組	單一族徽第537組	󑏡祖乙觶	
󑏦	U+D13E6	Cn	1	單一族徽	單一族徽第538組	單一族徽第538組	󑏦父乙觶	
󑏧	U+D13E7	Cn	1	單一族徽	單一族徽第539組	單一族徽第539組	󑏧父乙觶	
󑏫	U+D13EB	Cn	1	單一族徽	單一族徽第541組	單一族徽第541組	󑏫父己觶	
󑏵	U+D13F5	Cn	1	單一族徽	單一族徽第543組	單一族徽第543組	󑏵父己觶	
󑏶	U+D13F6	Cn	1	單一族徽	單一族徽第544組	單一族徽第544組	󑏶父辛觶	
󑏸	U+D13F8	Cn	1	單一族徽	單一族徽第545組	單一族徽第545組	󑏸父壬觶	
󑏹	U+D13F9	Cn	1	單一族徽	單一族徽第546組	單一族徽第546組	󑏹父癸觶	
󑏻	U+D13FB	Cn	1	單一族徽	單一族徽第108組	單一族徽第108組	亞󑏻婦觶	
󑐑	U+D1411	Cn	1	正文	踊	󑐑	冂踊觶	
󑐜	U+D141C	Cn	1	正文	禦	󐯗	耳󑐜觶	
󑐬	U+D142C	Cn	1	正文	世	󑐬	趩觶	
󑐮	U+D142E	Cn	1	正文	都	都	󑐮都杯	
󑐻	U+D143B	Cn	1	單一族徽	單一族徽第185組	單一族徽第185組	󑐻父辛觶	
󑑂	U+D1442	Cn	1	單一族徽	單一族徽第809組	單一族徽第809組	󑑂觶	
󑑌	U+D144C	Cn	1	單一族徽	單一族徽第187組	單一族徽第187組	󑑌斝	
󑑎	U+D144E	Cn	1	單一族徽	單一族徽第189組	單一族徽第189組	󑑎斝	
󑑏	U+D144F	Cn	1	單一族徽	單一族徽第190組	單一族徽第190組	󑑏斝	
󑑾	U+D147E	Cn	1	單一族徽	單一族徽第195組	單一族徽第195組	󑑾斝	
󑒇	U+D1487	Cn	1	單一族徽	單一族徽第197組	單一族徽第197組	󑒇尊	
󑒈	U+D1488	Cn	1	單一族徽	單一族徽第198組	單一族徽第198組	󑒈尊	
󑒋	U+D148B	Cn	1	單一族徽	單一族徽第199組	單一族徽第199組	󑒋尊	
󑒌	U+D148C	Cn	1	單一族徽	單一族徽第200組	單一族徽第200組	󑒌尊	
󑒭	U+D14AD	Cn	1	單一族徽	單一族徽第205組	單一族徽第205組	󑒭祖丁尊	
󑒮	U+D14AE	Cn	1	單一族徽	單一族徽第206組	單一族徽第206組	󑒮祖己尊	
󑒯	U+D14AF	Cn	1	單一族徽	單一族徽第207組	單一族徽第207組	󑒯父辛尊	
󑒴	U+D14B4	Cn	1	單一族徽	單一族徽第208組	單一族徽第208組	亞󑒴父辛尊	
󑒸	U+D14B8	Cn	1	單一族徽	單一族徽第209組	單一族徽第209組	󑒸尊	
󑓆	U+D14C6	Cn	1	正文	𫊣	𫊣	𫊣伯󑓆尊	
󑓏	U+D14CF	Cn	1	單一族徽	單一族徽第213組	單一族徽第213組	󑓏夨尊	
󑓘	U+D14D8	Cn	1	正文	𬴿	󑓘	𬴿尊	
󑓛	U+D14DB	Cn	1	正文	尊	󑓛	𠭯尊	
󑓤	U+D14E4	Cn	1	正文	𪓐	󑓤	𪓐尊	
󑓥	U+D14E5	Cn	1	正文	薛	󐃟	󑓥薛尊	
󑓴	U+D14F4	Cn	1	正文	龠	𫪡	󑓴尊	
󑓽	U+D14FD	Cn	1	正文	犅	󑓽	犅刧尊	
󑔃	U+D1503	Cn	1	正文	釐	釐	叔󑔃父尊	
󑔔	U+D1514	Cn	1	正文	脠	󑔔	楚君酓元尊	
󑔗	U+D1517	Cn	1	正文	賞	󑔗	庚姬尊	
󑔳	U+D1533	Cn	1	正文	揚	󑔳	耳尊	
󑕊	U+D154A	Cn	1	正文	臨	󑕊	何尊	
󑕌	U+D154C	Cn	1	正文	󐏨	󑕌	麥尊	
󑕗	U+D1557	Cn	1	正文	󐼯	󑕗	婦𨖇尊	
󑕝	U+D155D	Cn	1	複合族徽	썟龜	썟龜	󑕝龜尊	
󑕞	U+D155E	Cn	1	複合族徽	戊󑊄	戊󑊄	󑕞󑕟尊	
󑕟	U+D155F	Cn	1	複合族徽	戊󑊄	戊󑊄	󑕞󑕟尊	
󑕴	U+D1574	Cn	1	單一族徽	單一族徽第309組	單一族徽第309組	󑕴父乙壺	
󑕵	U+D1575	Cn	1	正文	鑄	󑕵	公鑄壺	
󑖇	U+D1587	Cn	1	正文	𨪐	󑖇	󐵔子𫯺壺	
󑖎	U+D158E	Cn	1	正文	㐭	󑖎	盛季壺	
󑖓	U+D1593	Cn	1	正文	寶	󐷼	󑖓丁父壺	
󑖕	U+D1595	Cn	1	正文	乍	󑖕	朝歌下官鐘	
󑖜	U+D159C	Cn	1	複合族徽	此中	此中	󑖜壺蓋	
󑖡	U+D15A1	Cn	1	正文	安	󑖡	襄安君壺	
󑗅	U+D15C5	Cn	1	正文	政	󑗅	虞侯政壺	
󑗎	U+D15CE	Cn	1	正文	踐	󑗎	燕王職壺	
󑗐	U+D15D0	Cn	1	正文	󑤮	󑗐	燕王職壺	
󑗒	U+D15D2	Cn	1	正文	令	󑗒	燕王職壺	
󑗓	U+D15D3	Cn	1	正文	克	󑗓	燕王職壺	
󑗗	U+D15D7	Cn	1	正文	無	󑗗	蔡公子壺	
󑗚	U+D15DA	Cn	1	正文	鑄	󑗚	公子土斧壺	
󑗧	U+D15E7	Cn	1	正文	䰞	󑗧	四祀𠨘其壺	
󑗲	U+D15F2	Cn	1	正文	盥	󑗲	庚壺	
󑘀	U+D1600	Cn	1	正文	賢	󑘀	𫲨𧊒壺	
󑘂	U+D1602	Cn	1	正文	賃	󑘂	𫲨𧊒壺	
󑘃	U+D1603	Cn	1	正文	逢	󑘃	𫲨𧊒壺	
󑘇	U+D1607	Cn	1	正文	蒐	󑘇	𫲨𧊒壺	
󑘒	U+D1612	Cn	1	正文	純	󑘒	中山王󐑍壺	
󑘙	U+D1619	Cn	1	正文	易	󑘙	中山王󐑍壺	
󑘟	U+D161F	Cn	1	正文	創	󑘟	中山王󐑍壺	
󑘠	U+D1620	Cn	1	正文	勛	󑘠	中山王󐑍壺	
󑘢	U+D1622	Cn	1	正文	皆	󑘢	中山王󐑍壺	
󑘤	U+D1624	Cn	1	正文	陟	󑘤	中山王󐑍壺	
󑘽	U+D163D	Cn	1	單一族徽	單一族徽第424組	單一族徽第424組	󑘽卣	
󑙁	U+D1641	Cn	1	單一族徽	單一族徽第426組	單一族徽第426組	󑙁卣	
󑙂	U+D1642	Cn	1	單一族徽	單一族徽第60組	單一族徽第60組	󑙂卣	
󑙄	U+D1644	Cn	1	單一族徽	單一族徽第429組	單一族徽第429組	󑙄卣	
󑙇	U+D1647	Cn	1	單一族徽	單一族徽第432組	單一族徽第432組	亞󑙇卣蓋	
󑙧	U+D1667	Cn	1	單一族徽	單一族徽第443組	單一族徽第443組	󑙧父辛卣蓋	
󑚪	U+D16AA	Cn	1	單一族徽	單一族徽第476組	單一族徽第476組	󑚪卣	
󑚵	U+D16B5	Cn	1	正文	丂	󑚵	𬮓卣	
󑛔	U+D16D4	Cn	1	正文	就	𫢁	伯󑛔卣	
󑜃	U+D1703	Cn	1	正文	雝	󑜃	彔󐕱卣	
󑜑	U+D1711	Cn	1	正文	飲	󑜑	高卣蓋	
󑜒	U+D1712	Cn	1	正文	𥼚	󑜒	高卣蓋	
󑜛	U+D171B	Cn	1	單一族徽	單一族徽第510組	單一族徽第510組	亞󑜛父庚卣	
󑜟	U+D171F	Cn	1	單一族徽	單一族徽第511組	單一族徽第511組	󑜟方彝	
󑜳	U+D1733	Cn	1	正文	屰	屰	子󑜳屰方彝	
󑝝	U+D175D	Cn	1	單一族徽	單一族徽第516組	單一族徽第516組	󑝝父己罍	
󑞍	U+D178D	Cn	1	單一族徽	單一族徽第523組	單一族徽第523組	󑞍瓿	
󑞐	U+D1790	Cn	1	正文	萬	󑞐	伯亞臣𦉢	
󑞙	U+D1799	Cn	1	正文	赴	󑞙	𬩵子𫴑缶	
󑞠	U+D17A0	Cn	1	正文	嘉	嘉	孟嬴󑞠不缶	
󑞣	U+D17A3	Cn	1	正文	󑣏	󑞣	次△缶	
󑞦	U+D17A6	Cn	1	正文	祈	󑞦	欒書缶	
󑞳	U+D17B3	Cn	1	單一族徽	單一族徽第531組	單一族徽第531組	󑞳斗	
󑞶	U+D17B6	Cn	1	單一族徽	單一族徽第532組	單一族徽第532組	󑞶盤	
󑞹	U+D17B9	Cn	1	單一族徽	單一族徽第533組	單一族徽第533組	󑞹父己盤	
󑞿	U+D17BF	Cn	1	單一族徽	單一族徽第534組	單一族徽第534組	󑞿斧	
󑟁	U+D17C1	Cn	1	正文	𬯐	󑟁	𬯐仲僕盤	
󑟌	U+D17CC	Cn	1	正文	𫎝	󑟌	𫎝金氏孫盤	
󑟛	U+D17DB	Cn	1	正文	祈	󑟛	歸父盤	
󑟢	U+D17E2	Cn	1	正文	羕	󑟢	芮公叔盤	
󑟧	U+D17E7	Cn	1	正文	鑄	󑟧	者尚余卑盤	
󑟵	U+D17F5	Cn	1	正文	雝	󑟵	虢季子白盤	
󑟺	U+D17FA	Cn	1	正文	綬	󑟺	史墻盤	
󑟾	U+D17FE	Cn	1	正文	哲	󑟾	史墻盤	
󑠜	U+D181C	Cn	1	正文	幽	󑠜	諸君盤	
󑠠	U+D1820	Cn	1	正文	畏	󑠠	晉公盤	
󑠢	U+D1822	Cn	1	正文	夤	󑠢	(cid:6929)公盤	
󑠦	U+D1826	Cn	1	正文	敕	󑠦	晉公盤	
󑠯	U+D182F	Cn	1	單一族徽	單一族徽第181組	單一族徽第181組	󑠯盉	
󑠷	U+D1837	Cn	1	單一族徽	單一族徽第184組	單一族徽第184組	󑠷父辛盉	
󑠻	U+D183B	Cn	1	正文	公	󑠻	鄧公盉	
󑠿	U+D183F	Cn	1	正文	盉	󑠿	伯𫴜盉	
󑡎	U+D184E	Cn	1	正文	盉	󑡎	晉侯喜父盉	
󑡖	U+D1856	Cn	1	正文	鑑	󑡖	黎侯盉	
󑡜	U+D185C	Cn	1	正文	匜	󐭕	姞󑡜母匜	
󑡦	U+D1866	Cn	1	正文	𩒳	󑡦	㠱伯𫳙父匜	
󑡧	U+D1867	Cn	1	正文	匜	󑡧	季𫕊父匜	
󑡼	U+D187C	Cn	1	正文	盂	󑡼	齊侯匜	
󑢀	U+D1880	Cn	1	正文	睦	󑢀	𠑇匜	
󑢆	U+D1886	Cn	1	正文	鉈	鉈	󑢆伯匜	
󑢋	U+D188B	Cn	1	正文	匜	󑢋	蔡大司馬燮匜	
󑢑	U+D1891	Cn	1	正文	媵	塍	太叔󑢑父匜	
󑢔	U+D1894	Cn	1	正文	疆	󑢔	𬪂陵君鑑	
󑢠	U+D18A0	Cn	1	正文	寶	󑢠	楚公家鐘二	
󑢪	U+D18AA	Cn	1	正文	哀	󑢪	戎生鐘戊	
󑢭	U+D18AD	Cn	1	正文	越	󑢭	選鐘乙	
󑢮	U+D18AE	Cn	1	正文	𩛥	󑢮	選鐘丁	
󑢴	U+D18B4	Cn	1	正文	福	𫴗	󑢴子𫿀鐘	
󑣎	U+D18CE	Cn	1	正文	訊	󑣎	之乘辰鐘	
󑣗	U+D18D7	Cn	1	正文	歸	󑣗	曾侯乙鐘一	
󑣛	U+D18DB	Cn	1	正文	遲	󑣛	曾侯乙鐘二	
󑣦	U+D18E6	Cn	1	正文	歸	󑣦	曾侯乙鐘八	
󑣨	U+D18E8	Cn	1	正文	歸	󑣨	曾侯乙鐘十一	
󑣪	U+D18EA	Cn	1	正文	墉	󑣪	曾侯乙鐘三十六	
󑤺	U+D193A	Cn	1	正文	就	󑤺	曾侯與鐘Ⅰ甲	
󑤻	U+D193B	Cn	1	正文	荊	󑤻	曾侯與鐘Ⅰ甲	
󑥁	U+D1941	Cn	1	正文	敦	󑥁	曾侯與鐘Ⅱ甲	
󑥂	U+D1942	Cn	1	正文	龏	󑥂	曾侯與鐘Ⅱ甲	
󑥄	U+D1944	Cn	1	正文	灌	󑥄	曾侯與鐘Ⅱ丙	
󑥉	U+D1949	Cn	1	正文	夏	󑥉	嬭加鐘甲	
󑥋	U+D194B	Cn	1	正文	舞	󑥋	嬭加鐘丙	
󑥮	U+D196E	Cn	1	單一族徽	單一族徽第303組	單一族徽第303組	󑥮󑥯鐃	
󑥯	U+D196F	Cn	1	單一族徽	單一族徽第303組	單一族徽第303組	󑥮󑥯鐃	
󑥺	U+D197A	Cn	1	正文	鐸	󑥺	𫑩子白鐸	
󑥻	U+D197B	Cn	1	正文	鐸	󑥻	登鐸	
󑦃	U+D1983	Cn	1	正文	疆	󑦃	冉鉦鋮	
󑦉	U+D1989	Cn	1	單一族徽	單一族徽第325組	單一族徽第325組	󑦉戈	
󑦊	U+D198A	Cn	1	單一族徽	單一族徽第326組	單一族徽第326組	󑦊戈	
󑦌	U+D198C	Cn	1	單一族徽	單一族徽第327組	單一族徽第327組	󑦌戈	
󑦒	U+D1992	Cn	1	單一族徽	單一族徽第329組	單一族徽第329組	󑦒戈	
󑦓	U+D1993	Cn	1	單一族徽	單一族徽第330組	單一族徽第330組	󑦓戈	
󑦔	U+D1994	Cn	1	單一族徽	單一族徽第331組	單一族徽第331組	󑦔戈	
󑦗	U+D1997	Cn	1	單一族徽	單一族徽第333組	單一族徽第333組	󑦗戈	
󑦚	U+D199A	Cn	1	單一族徽	單一族徽第335組	單一族徽第335組	󑦚戈	
󑦛	U+D199B	Cn	1	單一族徽	單一族徽第336組	單一族徽第336組	󑦛戈	
󑦞	U+D199E	Cn	1	單一族徽	單一族徽第339組	單一族徽第339組	󑦞戈	
󑦠	U+D19A0	Cn	1	單一族徽	單一族徽第341組	單一族徽第341組	󑦠戈	
󑦡	U+D19A1	Cn	1	單一族徽	單一族徽第342組	單一族徽第342組	󑦡戈	
󑦥	U+D19A5	Cn	1	單一族徽	單一族徽第345組	單一族徽第345組	亞󑦥戈	
󑦬	U+D19AC	Cn	1	正文	禾	禾	禾󑦬戈	
󑦭	U+D19AD	Cn	1	正文	滕	󑦭	滕子戈	
󑦮	U+D19AE	Cn	1	正文	造	艁	󑦮子戈	
󑦰	U+D19B0	Cn	1	正文	羅	󑦰	武羅戈	
󑦻	U+D19BB	Cn	1	正文	滕	󑦻	滕工師戈	
󑧈	U+D19C8	Cn	1	正文	阼	󑧈	阼冢壟戈	
󑧌	U+D19CC	Cn	1	正文	寢	󑧌	󑧋師寢戈	
󑧎	U+D19CE	Cn	1	正文	慎	󑧎	慎魚戈	
󑧗	U+D19D7	Cn	1	正文	齊	󑧗	齊城造戈	
󑧘	U+D19D8	Cn	1	正文	造	󑧘	齊城造戈	
󑧢	U+D19E2	Cn	1	正文	御	󑧢	趙󑧡戈	
󑧪	U+D19EA	Cn	1	正文	聾	󑧪	子𣶒龏戟	
󑧰	U+D19F0	Cn	1	正文	造	󑧰	𩒳戈	
󑧲	U+D19F2	Cn	1	正文	令	󑧲	鄂君啓舟節	
󑧽	U+D19FD	Cn	1	正文	戟	󑧽	舉子傀戈	
󑨒	U+D1A12	Cn	1	正文	肩	󑨒	析君墨肩戟	
󑨖	U+D1A16	Cn	1	正文	旺	󑨖	陳旺戟	
󑨣	U+D1A23	Cn	1	合文	工帀	工帀	󑨣陰戈	
󑨨	U+D1A28	Cn	1	正文	虔	󑨨	芒陽守令虔戈	
󑩉	U+D1A49	Cn	1	正文	冶	󑩉	高奴蓸令壯罌戈	
󑩔	U+D1A54	Cn	1	正文	范	󑩔	平陶令范昃戈	
󑩡	U+D1A61	Cn	1	正文	慎	󑩡	相邦趙豹戈	
󑩳	U+D1A73	Cn	1	正文	令	󑩳	邢令孟柬慶戈	
󑪗	U+D1A97	Cn	1	正文	冶	󑪗	鄭令郭󐔱矛	
󑪣	U+D1AA3	Cn	1	正文	造	񅏮	郫󑪣戈	
󑪤	U+D1AA4	Cn	1	正文	戟	󑪤	瘳有戟	
󑪩	U+D1AA9	Cn	1	正文	慎	󑪩	蔡公子縝戈	
󑪮	U+D1AAE	Cn	1	正文	󑪯	󑪯	武王攻󑪮戈	
󑪽	U+D1ABD	Cn	1	正文	獲	󑪽	徐子伯󐙰此戈	
󑫉	U+D1AC9	Cn	1	單一族徽	單一族徽第497組	單一族徽第497組	󑫉戈	
󑫙	U+D1AD9	Cn	1	正文	左	󑫙	外󑫗󑫘戈	
󑫜	U+D1ADC	Cn	1	正文	戟	󑫜	鴻子󑫚𬋝戟	
󑫨	U+D1AE8	Cn	1	正文	曹	󑫨	챇曹令狐嗇戈	
󑬈	U+D1B08	Cn	1	單一族徽	單一族徽第506組	單一族徽第506組	󑬈矛	
󑬋	U+D1B0B	Cn	1	單一族徽	單一族徽第508組	單一族徽第508組	󑬋矛	
󑬑	U+D1B11	Cn	1	正文	造	󑬑	(cid:19611)鍾劍	
󑬗	U+D1B17	Cn	1	正文	踐	󑬗	越王之子勾踐劍	
󑬛	U+D1B1B	Cn	1	正文	敔	󑬛	攻吳王夫差劍	
󑬫	U+D1B2B	Cn	1	正文	野	󑬫	武野令馬師𬮐鈹	
󑬬	U+D1B2C	Cn	1	正文	平	󑬬	司馬成公權	
󑬭	U+D1B2D	Cn	1	正文	秦	󑬭	武野令馬師𬮐鈹	
󑭂	U+D1B42	Cn	1	正文	禦	󑭂	攻吳太子姑發󑭀反劍	
󑭜	U+D1B5C	Cn	1	單一族徽	單一族徽第515組	單一族徽第515組	󑭜鉞	
󑭡	U+D1B61	Cn	1	單一族徽	單一族徽第518組	單一族徽第518組	󑭡刀	
󑮃	U+D1B83	Cn	1	單一族徽	單一族徽第521組	單一族徽第521組	󑮃斧	
󑮘	U+D1B98	Cn	1	正文	鑄	󑮘	燕客問量	
󑮟	U+D1B9F	Cn	1	正文	半	󑮟	子禾子釜	
󑮡	U+D1BA1	Cn	1	正文	鈞	󑮡	子禾子釜	
󑮢	U+D1BA2	Cn	1	正文	半	󑮢	間鎰環權	
󑮱	U+D1BB1	Cn	1	正文	馹	󑮱	王命虎符	
󑯇	U+D1BC7	Cn	1	單一族徽	單一族徽第535組	單一族徽第535組	亞󑯇罐	
󑯊	U+D1BCA	Cn	1	正文	󑮑	󑯊	伯游父卮	
󑯌	U+D1BCC	Cn	1	單一族徽	單一族徽第649組	單一族徽第649組	即󑯌孕三筒器	
󑯎	U+D1BCE	Cn	1	正文	耇	耈	󑘯子󑯎耇四筒器	
󑯏	U+D1BCF	Cn	1	正文	歲	󑯏	國差𦉜	
󑯜	U+D1BDC	Cn	1	正文	鳧	󑯜	鍾離公鼓座	
󑯶	U+D1BF6	Cn	1	正文	還	󑯶	安還鍵	
󰌃	U+F0303	Co	1	正文	匜	󰌃	曾子叔󐳲匜	
󰌉	U+F0309	Co	1	正文	齍	󰌉	戍求鼎	
󰌘	U+F0318	Co	1	正文	觀	󰌘	𫐻方彝蓋	
